D之食卓,D之食卓/menu.m3u,D zhi shi zhuo
暴力摩托,暴力摩托.chd,bao li mo tuo.chd
超级街霸2X,超级街霸2X.chd,chao ji jie ba 2X.chd
饭田让治互动噩梦 月之摇篮-异形的新娘,饭田让治互动噩梦 月之摇篮-异形的新娘.chd,fan tian rang zhi hu dong e meng yue zhi yao lan - yi xing de xin niang.chd
烈火战士,烈火战士.chd,lie huo zhan shi.chd
领主,领主.chd,ling zhu.chd
帕瓦特奥特曼,帕瓦特奥特曼.chd,pa wa te ao te man.chd
全蚀,全蚀.chd,quan shi.chd
太空废船 圣血天使的复仇,太空废船 圣血天使的复仇.chd,tai kong fei chuan sheng xue tian shi de fu chou.chd
蜥蜴GEX,蜥蜴GEX.chd,xi yi GEX.chd
幽游白书,幽游白书.chd,you you bai shu.chd
宇宙冒险家,宇宙冒险家/menu.m3u,yu zhou mao xian jia
