Hey!皮克敏,Hey!皮克敏.3ds,Hey! pi ke min.3ds
苍翼默示录 连续变换2,苍翼默示录 连续变换2.cci,cang yi mo shi lu lian xu bian huan 2.cci
铲子骑士 无主珍宝,铲子骑士 无主珍宝.cci,chan zi qi shi wu zhu zhen bao.cci
超级宝可梦大纷争,超级宝可梦大纷争.cci,chao ji bao ke meng da fen zheng.cci
超级机器人大战BX,超级机器人大战BX.cci,chao ji ji qi ren da zhan BX.cci
超级机器人大战UX,超级机器人大战UX.3ds,chao ji ji qi ren da zhan UX.3ds
超级街头霸王4 3D,超级街头霸王4 3D.3ds,chao ji jie tou ba wang 4 3D.3ds
超级马里奥 3D大陆,超级马里奥 3D大陆.cci,chao ji ma li ao 3D da lu.cci
大逆转裁判1 成步堂龙之介的冒险,大逆转裁判1 成步堂龙之介的冒险.cci,da ni zhuan cai pan 1 cheng bu tang long zhi jie de mao xian.cci
大逆转裁判2 成步堂龙之介的觉悟,大逆转裁判2 成步堂龙之介的觉悟.cci,da ni zhuan cai pan 2 cheng bu tang long zhi jie de jue wu.cci
第七龙神3 代号VFD,第七龙神3 代号VFD.cci,di qi long shen 3 dai hao VFD.cci
洞窟物语2D,洞窟物语2D.cci,dong ku wu yu 2D.cci
洞窟物语3D,洞窟物语3D.cci,dong ku wu yu 3D.cci
恶魔城 暗影之王 命运之镜,恶魔城 暗影之王 命运之镜.cci,e mo cheng an ying zhi wang ming yun zhi jing.cci
符文工房4,符文工房4.cci,fu wen gong fang 4.cci
公主代码,公主代码.cci,gong zhu dai ma.cci
怪物猎人3G,怪物猎人3G.cci,guai wu lie ren 3G.cci
怪物猎人4G,怪物猎人4G.cci,guai wu lie ren 4G.cci
怪物猎人XX,怪物猎人XX.cci,guai wu lie ren XX.cci
怪物猎人物语,怪物猎人物语.cci,guai wu lie ren wu yu.cci
幻想生活Link 汉化版,幻想生活Link 汉化版.cci,huan xiang sheng huo Link han hua ban.cci
皇牌空战3D 战火纷飞+,皇牌空战3D 战火纷飞+.cci,huang pai kong zhan 3D zhan huo fen fei +.cci
火焰纹章 IF,火焰纹章 IF.cci,huo yan wen zhang IF.cci
火焰纹章 回声 另一位英雄王,火焰纹章 回声 另一位英雄王.cci,huo yan wen zhang hui sheng ling yi wei ying xiong wang.cci
火焰纹章 觉醒,火焰纹章 觉醒.cci,huo yan wen zhang jue xing.cci
火焰纹章 无双,火焰纹章 无双.cci,huo yan wen zhang wu shuang.cci
极限脱出2 善人死亡,极限脱出2 善人死亡.cci,ji xian tuo chu 2 shan ren si wang.cci
极限脱出3 零时困境,极限脱出3 零时困境.cci,ji xian tuo chu 3 ling shi kun jing.cci
交叉领域计划,交叉领域计划.cci,jiao cha ling yu ji hua.cci
解放少女,解放少女.cci,jie fang shao nv.cci
节奏天国 经典荟萃 The Best+,节奏天国 经典荟萃 The Best+.cci,jie zou tian guo jing dian hui cui The Best+.cci
禁忌的玛古那,禁忌的玛古那.cci,jin ji de ma gu na.cci
卡比斗士Z,卡比斗士Z.cci,ka bi dou shi Z.cci
口袋妖怪 X,口袋妖怪 X.cci,kou dai yao guai X.cci
口袋妖怪 Y,口袋妖怪 Y.cci,kou dai yao guai Y.cci
口袋妖怪 究极红宝石,口袋妖怪 究极红宝石.cci,kou dai yao guai jiu ji hong bao shi.cci
口袋妖怪 究极日,口袋妖怪 究极日.cci,kou dai yao guai jiu ji ri.cci
口袋妖怪 究极月,口袋妖怪 究极月.cci,kou dai yao guai jiu ji yue.cci
口袋妖怪 始源蓝宝石,口袋妖怪 始源蓝宝石.cci,kou dai yao guai shi yuan lan bao shi.cci
雷顿教授 VS 逆转裁判,雷顿教授 VS 逆转裁判.cci,lei dun jiao shou VS ni zhuan cai pan.cci
雷顿教授与超文明A的遗产,雷顿教授与超文明A的遗产.cci,lei dun jiao shou yu chao wen ming A de yi chan.cci
雷顿教授与奇迹假面plus,雷顿教授与奇迹假面plus.3ds,lei dun jiao shou yu qi ji jia mian plus.3ds
雷顿女士 富豪王的阴谋,雷顿女士 富豪王的阴谋.cci,lei dun nv shi fu hao wang de yin mou.cci
龙珠 融合,龙珠 融合.cci,long zhu rong he.cci
路易吉鬼屋1,路易吉鬼屋1.cci,lu yi ji gui wu 1.cci
路易吉鬼屋2,路易吉鬼屋2.cci,lu yi ji gui wu 2.cci
马里奥聚会 The Top 100 迷你游戏合集,马里奥聚会 The Top 100 迷你游戏合集.cci,ma li ao ju hui The Top 100 mi ni you xi he ji.cci
马里奥聚会 空岛之旅,马里奥聚会 空岛之旅.cci,ma li ao ju hui kong dao zhi lv.cci
马里奥聚会 群星冲刺,马里奥聚会 群星冲刺.cci,ma li ao ju hui qun xing chong ci.cci
马里奥赛车7,马里奥赛车7.cci,ma li ao sai che 7.cci
马里奥网球 OPEN,马里奥网球 OPEN.cci,ma li ao wang qiu OPEN.cci
马里奥与路易吉RPG 纸片马里奥MIX,马里奥与路易吉RPG 纸片马里奥MIX.cci,ma li ao yu lu yi ji RPG zhi pian ma li ao MIX.cci
马里奥与路易吉RPG1 DX,马里奥与路易吉RPG1 DX.cci,ma li ao yu lu yi ji RPG1 DX.cci
马里奥与路易吉RPG3 DX,马里奥与路易吉RPG3 DX.cci,ma li ao yu lu yi ji RPG3 DX.cci
马里奥与路易吉RPG4,马里奥与路易吉RPG4.cci,ma li ao yu lu yi ji RPG4.cci
马里奥制造,马里奥制造.cci,ma li ao zhi zao.cci
毛线卡比 Plus,毛线卡比 Plus.cci,mao xian ka bi Plus.cci
蘑菇队长,蘑菇队长.cci,mo gu dui zhang.cci
牧场物语 连接新天地,牧场物语 连接新天地.3ds,mu chang wu yu lian jie xin tian di.3ds
牧场物语 起源的大地,牧场物语 起源的大地.cci,mu chang wu yu qi yuan de da di.cci
牧场物语 三个村庄的重要伙伴们,牧场物语 三个村庄的重要伙伴们.cci,mu chang wu yu san ge cun zhuang de zhong yao huo ban men.cci
牧场物语 双子村+,牧场物语 双子村+.cci,mu chang wu yu shuang zi cun +.cci
脑锻炼 5分钟魔鬼特训,脑锻炼 5分钟魔鬼特训.cci,nao duan lian 5 fen zhong mo gui te xun.cci
逆转裁判123 成步堂精选集,逆转裁判123 成步堂精选集.cci,ni zhuan cai pan 123 cheng bu tang jing xuan ji.cci
逆转裁判4,逆转裁判4.cci,ni zhuan cai pan 4.cci
逆转裁判5,逆转裁判5.cci,ni zhuan cai pan 5.cci
逆转裁判6,逆转裁判6.cci,ni zhuan cai pan 6.cci
女神异闻录Q 迷宫暗影,女神异闻录Q 迷宫暗影.cci,nv shen yi wen lu Q mi gong an ying.cci
热血物语SP,热血物语SP.cci,re xue wu yu SP.cci
任天堂明星大乱斗,任天堂明星大乱斗.cci,ren tian tang ming xing da luan dou.cci
塞尔达传说 姆祖拉的假面,塞尔达传说 姆祖拉的假面.cci,sai er da chuan shuo mu zu la de jia mian.cci
塞尔达传说 三角力量英雄,塞尔达传说 三角力量英雄.cci,sai er da chuan shuo san jiao li liang ying xiong.cci
塞尔达传说 时之笛3D,塞尔达传说 时之笛3D.cci,sai er da chuan shuo shi zhi di 3D.cci
塞尔达传说 众神的三角力量2,塞尔达传说 众神的三角力量2.cci,sai er da chuan shuo zhong shen de san jiao li liang 2.cci
塞尔达无双 海拉尔全明星,塞尔达无双 海拉尔全明星.cci,sai er da wu shuang hai la er quan ming xing.cci
桑塔与海盗的诅咒,桑塔与海盗的诅咒.cci,sang ta yu hai dao de zu zhou.cci
山脊赛车3D,山脊赛车3D.cci,shan ji sai che 3D.cci
生化危机 启示录,生化危机 启示录.cci,sheng hua wei ji qi shi lu.cci
世界树迷宫4 传承的巨神,世界树迷宫4 传承的巨神.cci,shi jie shu mi gong 4 chuan cheng de ju shen.cci
世界树与不可思议的迷宫,世界树与不可思议的迷宫.cci,shi jie shu yu bu ke si yi de mi gong.cci
死或生 多重维度,死或生 多重维度.cci,si huo sheng duo zhong wei du.cci
索尼克世代 青之冒险,索尼克世代 青之冒险.cci,suo ni ke shi dai qing zhi mao xian.cci
太鼓达人1 小龙与神秘宝珠,太鼓达人1 小龙与神秘宝珠.cci,tai gu da ren 1 xiao long yu shen mi bao zhu.cci
太鼓达人3 神秘大冒险,太鼓达人3 神秘大冒险.cci,tai gu da ren 3 shen mi da mao xian.cci
泰拉瑞亚3D,泰拉瑞亚3D.cci,tai la rui ya 3D.cci
瓦里奥制造 豪华版,瓦里奥制造 豪华版.cci,wa li ao zhi zao hao hua ban.cci
王国之心 梦中陨落,王国之心 梦中陨落.cci,wang guo zhi xin meng zhong yun luo.cci
未解决事件搜查科 遥远的记忆,未解决事件搜查科 遥远的记忆.cci,wei jie jue shi jian sou cha ke yao yuan de ji yi.cci
为我而生2 七星的引导和马兹尔的噩梦,为我而生2 七星的引导和马兹尔的噩梦.cci,wei wo er sheng 2 qi xing de yin dao he ma zi er de e meng.cci
新爱相随+,新爱相随+.cci,xin ai xiang sui +.cci
新超级马里奥兄弟2 黄金版,新超级马里奥兄弟2 黄金版.cci,xin chao ji ma li ao xiong di 2 huang jin ban.cci
新光之神话,新光之神话.cci,xin guang zhi shen hua.cci
星光幻歌,星光幻歌.cci,xing guang huan ge.cci
星际火狐64 3D,星际火狐64 3D.cci,xing ji huo hu 64 3D.cci
星之卡比 皇家大乱斗,星之卡比 皇家大乱斗.cci,xing zhi ka bi huang jia da luan dou.cci
星之卡比 机械星球,星之卡比 机械星球.3ds,xing zhi ka bi ji xie xing qiu.3ds
星之卡比 三重彩,星之卡比 三重彩.cci,xing zhi ka bi san chong cai.cci
星之卡比 吸入大作战,星之卡比 吸入大作战.cci,xing zhi ka bi xi ru da zuo zhan.cci
血污 月之诅咒,血污 月之诅咒.cci,xue wu yue zhi zu zhou.cci
压碎空间3D,压碎空间3D.cci,ya sui kong jian 3D.cci
妖怪手表1,妖怪手表1.cci,yao guai shou biao 1.cci
妖怪手表2 元祖,妖怪手表2 元祖.cci,yao guai shou biao 2 yuan zu.cci
妖怪手表2 真打,妖怪手表2 真打.cci,yao guai shou biao 2 zhen da.cci
遗产传说,遗产传说.cci,yi chan chuan shuo.cci
异度之刃3D,异度之刃3D.cci,yi du zhi ren 3D.cci
一起来吧!动物之森 amiibo+,一起来吧!动物之森 amiibo+.cci,yi qi lai ba ! dong wu zhi sen amiibo+.cci
以撒的结合 重生,以撒的结合 重生.cci,yi sa de jie he zhong sheng.cci
银河战士 萨姆斯归来,银河战士 萨姆斯归来.cci,yin he zhan shi sa mu si gui lai.cci
永恒绿洲,永恒绿洲.cci,yong heng lv zhou.cci
勇气默示录1,勇气默示录1.cci,yong qi mo shi lu 1.cci
勇气默示录2,勇气默示录2.cci,yong qi mo shi lu 2.cci
勇者斗恶龙1,勇者斗恶龙1.cci,yong zhe dou e long 1.cci
勇者斗恶龙11,勇者斗恶龙11.cci,yong zhe dou e long 11.cci
勇者斗恶龙2,勇者斗恶龙2.cci,yong zhe dou e long 2.cci
勇者斗恶龙3,勇者斗恶龙3.cci,yong zhe dou e long 3.cci
勇者斗恶龙7,勇者斗恶龙7.cci,yong zhe dou e long 7.cci
勇者斗恶龙8,勇者斗恶龙8.cci,yong zhe dou e long 8.cci
勇者斗恶龙 怪兽篇1,勇者斗恶龙 怪兽篇1.cci,yong zhe dou e long guai shou pian 1.cci
勇者斗恶龙 怪兽篇2,勇者斗恶龙 怪兽篇2.cci,yong zhe dou e long guai shou pian 2.cci
勇者斗恶龙 怪兽篇Joker3 专家版,勇者斗恶龙 怪兽篇Joker3 专家版.cci,yong zhe dou e long guai shou pian Joker3 zhuan jia ban.cci
真女神转生4 Final,真女神转生4 Final.cci,zhen nv shen zhuan sheng 4 Final.cci
真女神转生 恶魔召唤师 灵魂黑客,真女神转生 恶魔召唤师 灵魂黑客.cci,zhen nv shen zhuan sheng e mo zhao huan shi ling hun hei ke.cci
真女神转生 深渊奇妙之旅,真女神转生 深渊奇妙之旅.cci,zhen nv shen zhuan sheng shen yuan qi miao zhi lv.cci
蒸汽世界 大劫掠,蒸汽世界 大劫掠.cci,zheng qi shi jie da jie lve.cci
纸片马里奥 超级贴纸,纸片马里奥 超级贴纸.cci,zhi pian ma li ao chao ji tie zhi.cci
纸箱战机,纸箱战机.cci,zhi xiang zhan ji.cci
重装机兵4,重装机兵4.cci,zhong zhuang ji bing 4.cci
最终幻想 探索者,最终幻想 探索者.cci,zui zhong huan xiang tan suo zhe.cci
