500英里大奖赛,500英里大奖赛.7z,500 ying li da jiang sai.7z
E.T.外星人,E.T.外星人.7z,E.T. wai xing ren.7z
F-14 雄猫,F-14 雄猫.7z,F-14 xiong mao.7z
L5作战,L5作战.7z,L5 zuo zhan.7z
PONG合集,PONG合集.7z,PONG he ji.7z
Q伯特的魔方,Q伯特的魔方.7z,Q bo te de mo fang.7z
Q伯特,Q伯特.7z,Q bo te.7z
X任务,X任务.7z,X ren wu.7z
X战警,X战警.7z,X zhan jing.7z
阿尔法光束,阿尔法光束.7z,a er fa guang shu.7z
爱心小熊,爱心小熊.7z,ai xin xiao xiong.7z
安古纳冒险2600,安古纳冒险2600.7z,an gu na mao xian 2600.7z
奥贝里克斯,奥贝里克斯.7z,ao bei li ke si.7z
奥斯卡捡垃圾,奥斯卡捡垃圾.7z,ao si ka jian la ji.7z
百慕大三角,百慕大三角.7z,bai mu da san jiao.7z
白雪公主,白雪公主.7z,bai xue gong zhu.7z
百叶窗,百叶窗.7z,bai ye chuang.7z
鲍比回家,鲍比回家.7z,bao bi hui jia.7z
暴风雪,暴风雪.7z,bao feng xue.7z
保护者,保护者.7z,bao hu zhe.7z
保龄球,保龄球.7z,bao ling qiu.7z
爆破彗星,爆破彗星.7z,bao po hui xing.7z
包围,包围.7z,bao wei.7z
爆炸啦,爆炸啦.7z,bao zha la.7z
贝贝熊,贝贝熊.7z,bei bei xiong.7z
北极星潜艇,北极星潜艇.7z,bei ji xing qian ting.7z
本垒打棒球,本垒打棒球.7z,ben lei da bang qiu.7z
哔哔鸟,哔哔鸟.7z,bi bi niao.7z
壁球,壁球.7z,bi qiu.7z
冰川巡逻,冰川巡逻.7z,bing chuan xun luo.7z
饼干怪兽大冒险,饼干怪兽大冒险.7z,bing gan guai shou da mao xian.7z
冰球,冰球.7z,bing qiu.7z
不死鸟,不死鸟.7z,bu si niao.7z
彩色立方,彩色立方.7z,cai se li fang.7z
踩踏,踩踏.7z,cai ta.7z
操控机器人,操控机器人.7z,cao kong ji qi ren.7z
草莓派 音乐对决,草莓派 音乐对决.7z,cao mei pai yin yue dui jue.7z
查克诺里斯飞踢,查克诺里斯飞踢.7z,cha ke nuo li si fei ti.7z
铲除地鼠,铲除地鼠.7z,chan chu di shu.7z
超级棒球,超级棒球.7z,chao ji bang qiu.7z
超级打砖块,超级打砖块.7z,chao ji da zhuan kuai.7z
超级力量,超级力量.7z,chao ji li liang.7z
超级男孩,超级男孩.7z,chao ji nan hai.7z
超级挑战棒球,超级挑战棒球.7z,chao ji tiao zhan bang qiu.7z
超级挑战橄榄球,超级挑战橄榄球.7z,chao ji tiao zhan gan lan qiu.7z
超级眼镜蛇直升机,超级眼镜蛇直升机.7z,chao ji yan jing she zhi sheng ji.7z
超级足球,超级足球.7z,chao ji zu qiu.7z
超人,超人.7z,chao ren.7z
乘风破浪,乘风破浪.7z,cheng feng po lang.7z
成龙踢馆,成龙踢馆.7z,cheng long ti guan.7z
吃豆女士,吃豆女士.7z,chi dou nv shi.7z
吃豆人Jr.,吃豆人Jr..7z,chi dou ren Jr..7z
吃豆人,吃豆人.7z,chi dou ren.7z
池塘青蛙,池塘青蛙.7z,chi tang qing wa.7z
冲刺大师,冲刺大师.7z,chong ci da shi.7z
冲击,冲击.7z,chong ji.7z
创 历险记,创 历险记.7z,chuang li xian ji.7z
创世纪3D,创世纪3D.7z,chuang shi ji 3D.7z
创 死亡游戏,创 死亡游戏.7z,chuang si wang you xi.7z
锤老鼠,锤老鼠.7z,chui lao shu.7z
丛林狂热 小镇骑士,丛林狂热 小镇骑士.7z,cong lin kuang re xiao zhen qi shi.7z
丛林狩猎,丛林狩猎.7z,cong lin shou lie.7z
打败并吃掉,打败并吃掉.7z,da bai bing chi diao.7z
打地鼠,打地鼠.7z,da di shu.7z
打豆豆,打豆豆.7z,da dou dou.7z
大金刚Jr.,大金刚Jr..7z,da jin gang Jr..7z
大金刚,大金刚.7z,da jin gang.7z
打空气,打空气.7z,da kong qi.7z
大力水手,大力水手.7z,da li shui shou.7z
大鸟接蛋,大鸟接蛋.7z,da niao jie dan.7z
大逃亡,大逃亡.7z,da tao wang.7z
打砖块IV,打砖块IV.7z,da zhuan kuai IV.7z
打砖墙,打砖墙.7z,da zhuan qiang.7z
袋鼠营救,袋鼠营救.7z,dai shu ying jiu.7z
单词游戏,单词游戏.7z,dan ci you xi.7z
蛋糕步道,蛋糕步道.7z,dan gao bu dao.7z
弹球撞击,弹球撞击.7z,dan qiu zhuang ji.7z
单身派对 燃烧欲望,单身派对 燃烧欲望.7z,dan shen pai dui ran shao yu wang.7z
单身派对,单身派对.7z,dan shen pai dui.7z
弹珠射击,弹珠射击.7z,dan zhu she ji.7z
导弹指令,导弹指令.7z,dao dan zhi ling.7z
德州电锯杀人狂,德州电锯杀人狂.7z,de zhou dian ju sha ren kuang.7z
地牢冒险,地牢冒险.7z,di lao mao xian.7z
地球于尖叫中毁灭,地球于尖叫中毁灭.7z,di qiu yu jian jiao zhong hui mie.7z
地下空间,地下空间.7z,di xia kong jian.7z
地穴埋葬,地穴埋葬.7z,di xue mai zang.7z
电视反射锻炼,电视反射锻炼.7z,dian shi fan she duan lian.7z
电视慢跑游戏,电视慢跑游戏.7z,dian shi man pao you xi.7z
电梯大战,电梯大战.7z,dian ti da zhan.7z
电子魔方,电子魔方.7z,dian zi mo fang.7z
电子生活,电子生活.7z,dian zi sheng huo.7z
钓鱼大赛,钓鱼大赛.7z,diao yu da sai.7z
顶尖车手1,顶尖车手1.7z,ding jian che shou 1.7z
顶盘子,顶盘子.7z,ding pan zi.7z
动荡,动荡.7z,dong dang.7z
冬季运动会,冬季运动会.7z,dong ji yun dong hui.7z
动物园游戏,动物园游戏.7z,dong wu yuan you xi.7z
赌场,赌场.7z,du chang.7z
嘟先生的城堡,嘟先生的城堡.7z,du xian sheng de cheng bao.7z
嘟先生,嘟先生.7z,du xian sheng.7z
对抗,对抗.7z,dui kang.7z
堆芯熔毁,堆芯熔毁.7z,dui xin rong hui.7z
夺宝奇兵,夺宝奇兵.7z,duo bao qi bing.7z
躲开他们,躲开他们.7z,duo kai ta men.7z
躲猫猫,躲猫猫.7z,duo mao mao.7z
夺旗,夺旗.7z,duo qi.7z
恶魔攻击,恶魔攻击.7z,e mo gong ji.7z
恶魔钻石,恶魔钻石.7z,e mo zuan shi.7z
鳄鱼变,鳄鱼变.7z,e yu bian.7z
二十一点,二十一点.7z,er shi yi dian.7z
法老的诅咒,法老的诅咒.7z,fa lao de zu zhou.7z
反斗星,反斗星.7z,fan dou xing.7z
番茄复仇,番茄复仇.7z,fan qie fu chou.7z
反应堆,反应堆.7z,fan ying dui.7z
翻转棋,翻转棋.7z,fan zhuan qi.7z
放火者,放火者.7z,fang huo zhe.7z
飞碟敢死队,飞碟敢死队.7z,fei die gan si dui.7z
飞碟,飞碟.7z,fei die.7z
飞盘射击,飞盘射击.7z,fei pan she ji.7z
飞鼠洛基冒险记,飞鼠洛基冒险记.7z,fei shu luo ji mao xian ji.7z
飞天蜈蚣,飞天蜈蚣.7z,fei tian wu gong.7z
飞鱼导弹,飞鱼导弹.7z,fei yu dao dan.7z
凤凰猎人,凤凰猎人.7z,feng huang lie ren.7z
疯狂攀爬,疯狂攀爬.7z,feng kuang pan pa.7z
伏击战术,伏击战术.7z,fu ji zhan shu.7z
伽马攻击,伽马攻击.7z,ga ma gong ji.7z
橄榄球,橄榄球.7z,gan lan qiu.7z
刚果冒险,刚果冒险.7z,gang guo mao xian.7z
高尔夫球,高尔夫球.7z,gao er fu qiu.7z
高速埃迪,高速埃迪.7z,gao su ai di.7z
高速公路,高速公路.7z,gao su gong lu.7z
高速赛车,高速赛车.7z,gao su sai che.7z
格罗弗音乐制作,格罗弗音乐制作.7z,ge luo fu yin yue zhi zuo.7z
公路赛车,公路赛车.7z,gong lu sai che.7z
公路追逐赛,公路追逐赛.7z,gong lu zhui zhu sai.7z
公元3000任务,公元3000任务.7z,gong yuan 3000 ren wu.7z
谷仓风暴,谷仓风暴.7z,gu cang feng bao.7z
怪物西斯,怪物西斯.7z,guai wu xi si.7z
冠军足球,冠军足球.7z,guan jun zu qiu.7z
光枪3D,光枪3D.7z,guang qiang 3D.7z
光束骑士,光束骑士.7z,guang shu qi shi.7z
光束枪手,光束枪手.7z,guang shu qiang shou.7z
鬼恋,鬼恋.7z,gui lian.7z
鬼屋3D,鬼屋3D.7z,gui wu 3D.7z
刽子手,刽子手.7z,gui zi shou.7z
国际汽车大奖赛,国际汽车大奖赛.7z,guo ji qi che da jiang sai.7z
国际象棋,国际象棋.7z,guo ji xiang qi.7z
国际足球,国际足球.7z,guo ji zu qiu.7z
海底冒险,海底冒险.7z,hai di mao xian.7z
海怪,海怪.7z,hai guai.7z
海军战争,海军战争.7z,hai jun zhan zheng.7z
海上狩猎,海上狩猎.7z,hai shang shou lie.7z
海豚冒险,海豚冒险.7z,hai tun mao xian.7z
海洋大战,海洋大战.7z,hai yang da zhan.7z
海鹰战斗机,海鹰战斗机.7z,hai ying zhan dou ji.7z
汉堡时间,汉堡时间.7z,han bao shi jian.7z
航天飞机 太空之旅,航天飞机 太空之旅.7z,hang tian fei ji tai kong zhi lv.7z
航天飞机,航天飞机.7z,hang tian fei ji.7z
好多蛇,好多蛇.7z,hao duo she.7z
浩劫3D,浩劫3D.7z,hao jie 3D.7z
赫比切分,赫比切分.7z,he bi qie fen.7z
河流巡逻,河流巡逻.7z,he liu xun luo.7z
黑暗地牢,黑暗地牢.7z,hei an di lao.7z
黑暗洞穴,黑暗洞穴.7z,hei an dong xue.7z
黑帮小巷,黑帮小巷.7z,hei bang xiao xiang.7z
横冲直撞,横冲直撞.7z,heng chong zhi zhuang.7z
后宫,后宫.7z,hou gong.7z
滑板小子,滑板小子.7z,hua ban xiao zi.7z
滑雪大亨,滑雪大亨.7z,hua xue da heng.7z
滑雪道,滑雪道.7z,hua xue dao.7z
滑雪,滑雪.7z,hua xue.7z
坏鸭子,坏鸭子.7z,huai ya zi.7z
幻影坦克,幻影坦克.7z,huan ying tan ke.7z
荒岛惊魂,荒岛惊魂.7z,huang dao jing hun.7z
慌乱厨师,慌乱厨师.7z,huang luan chu shi.7z
荒野求生,荒野求生.7z,huang ye qiu sheng.7z
混沌地牢,混沌地牢.7z,hun dun di lao.7z
混沌战场,混沌战场.7z,hun dun zhan chang.7z
火球,火球.7z,huo qiu.7z
基础编程,基础编程.7z,ji chu bian cheng.7z
基础数学,基础数学.7z,ji chu shu xue.7z
基地攻击,基地攻击.7z,ji di gong ji.7z
基地突击,基地突击.7z,ji di tu ji.7z
基弗斯,基弗斯.7z,ji fu si.7z
激光爆破,激光爆破.7z,ji guang bao po.7z
激光镭射,激光镭射.7z,ji guang lei she.7z
激光守卫,激光守卫.7z,ji guang shou wei.7z
记忆比赛,记忆比赛.7z,ji yi bi sai.7z
加菲猫,加菲猫.7z,jia fei mao.7z
嘉年华,嘉年华.7z,jia nian hua.7z
加州运动会,加州运动会.7z,jia zhou yun dong hui.7z
尖兵,尖兵.7z,jian bing.7z
间谍猎人,间谍猎人.7z,jian die lie ren.7z
剑斗士,剑斗士.7z,jian dou shi.7z
尖峰时刻,尖峰时刻.7z,jian feng shi ke.7z
坚果,坚果.7z,jian guo.7z
践踏之龙,践踏之龙.7z,jian ta zhi long.7z
建造冰屋,建造冰屋.7z,jian zao bing wu.7z
建筑大师,建筑大师.7z,jian zhu da shi.7z
交叉力量,交叉力量.7z,jiao cha li liang.7z
街机高尔夫,街机高尔夫.7z,jie ji gao er fu.7z
街机射击,街机射击.7z,jie ji she ji.7z
接礼物,接礼物.7z,jie li wu.7z
街头赛车,街头赛车.7z,jie tou sai che.7z
金刚,金刚.7z,jin gang.7z
金拱门冒险,金拱门冒险.7z,jin gong men mao xian.7z
紧急下潜,紧急下潜.7z,jin ji xia qian.7z
金塔纳罗奥冒险,金塔纳罗奥冒险.7z,jin ta na luo ao mao xian.7z
警察抓小偷,警察抓小偷.7z,jing cha zhua xiao tou.7z
惊恐的鱼,惊恐的鱼.7z,jing kong de yu.7z
精灵历险,精灵历险.7z,jing ling li xian.7z
井字棋3D,井字棋3D.7z,jing zi qi 3D.7z
巨大虫,巨大虫.7z,ju da chong.7z
决战猩球,决战猩球.7z,jue zhan xing qiu.7z
军阀之战,军阀之战.7z,jun fa zhi zhan.7z
卡波伯,卡波伯.7z,ka bo bo.7z
卡斯特的复仇,卡斯特的复仇.7z,ka si te de fu chou.7z
开瓶器,开瓶器.7z,kai ping qi.7z
克拉克斯,克拉克斯.7z,ke la ke si.7z
科学怪人,科学怪人.7z,ke xue guai ren.7z
空海作战,空海作战.7z,kong hai zuo zhan.7z
空手道,空手道.7z,kong shou dao.7z
空袭警报,空袭警报.7z,kong xi jing bao.7z
空袭,空袭.7z,kong xi.7z
空中急转,空中急转.7z,kong zhong ji zhuan.7z
空中袭击,空中袭击.7z,kong zhong xi ji.7z
库尔援助人,库尔援助人.7z,ku er yuan zhu ren.7z
快步跳跃,快步跳跃.7z,kuai bu tiao yue.7z
快餐,快餐.7z,kuai can.7z
快枪手,快枪手.7z,kuai qiang shou.7z
狂奔,狂奔.7z,kuang ben.7z
矿工大冒险2,矿工大冒险2.7z,kuang gong da mao xian 2.7z
矿工大冒险,矿工大冒险.7z,kuang gong da mao xian.7z
狂战士,狂战士.7z,kuang zhan shi.7z
困惑迷宫,困惑迷宫.7z,kun huo mi gong.7z
蓝精灵 格格巫城堡,蓝精灵 格格巫城堡.7z,lan jing ling ge ge wu cheng bao.7z
蓝精灵 快乐的一天,蓝精灵 快乐的一天.7z,lan jing ling kuai le de yi tian.7z
篮球,篮球.7z,lan qiu.7z
兰斯洛特爵士,兰斯洛特爵士.7z,lan si luo te jue shi.7z
蓝图,蓝图.7z,lan tu.7z
老虎机,老虎机.7z,lao hu ji.7z
雷达锁定,雷达锁定.7z,lei da suo ding.7z
雷霆,雷霆.7z,lei ting.7z
立体壁球,立体壁球.7z,li ti bi qiu.7z
立体方块,立体方块.7z,li ti fang kuai.7z
立体空战,立体空战.7z,li ti kong zhan.7z
丽险记,丽险记.7z,li xian ji.7z
龙守卫,龙守卫.7z,long shou wei.7z
龙焰,龙焰.7z,long yan.7z
陆军野战医院,陆军野战医院.7z,lu jun ye zhan yi yuan.7z
伦敦闪电战,伦敦闪电战.7z,lun dun shan dian zhan.7z
掠夺者,掠夺者.7z,lve duo zhe.7z
马拉盖,马拉盖.7z,ma la gai.7z
马里奥兄弟,马里奥兄弟.7z,ma li ao xiong di.7z
马球,马球.7z,ma qiu.7z
马戏团,马戏团.7z,ma xi tuan.7z
猫狗大战,猫狗大战.7z,mao gou da zhan.7z
猫屋蓝调,猫屋蓝调.7z,mao wu lan diao.7z
昴星团,昴星团.7z,mao xing tuan.7z
门槛,门槛.7z,men kan.7z
蒙特祖玛的复仇,蒙特祖玛的复仇.7z,meng te zu ma de fu chou.7z
迷宫奔跑,迷宫奔跑.7z,mi gong ben pao.7z
迷宫幻想,迷宫幻想.7z,mi gong huan xiang.7z
迷宫老鼠,迷宫老鼠.7z,mi gong lao shu.7z
迷宫赛车,迷宫赛车.7z,mi gong sai che.7z
迷宫挑战,迷宫挑战.7z,mi gong tiao zhan.7z
迷宫追踪,迷宫追踪.7z,mi gong zhui zong.7z
麋鹿袭击,麋鹿袭击.7z,mi lu xi ji.7z
密码破译,密码破译.7z,mi ma po yi.7z
秘密任务,秘密任务.7z,mi mi ren wu.7z
米诺斯矿山,米诺斯矿山.7z,mi nuo si kuang shan.7z
米奇之魔法师学徒,米奇之魔法师学徒.7z,mi qi zhi mo fa shi xue tu.7z
魔法师,魔法师.7z,mo fa shi.7z
魔方3D,魔方3D.7z,mo fang 3D.7z
魔幻历险,魔幻历险.7z,mo huan li xian.7z
末日之屋,末日之屋.7z,mo ri zhi wu.7z
摩天地狱,摩天地狱.7z,mo tian di yu.7z
摩托竞技表演赛,摩托竞技表演赛.7z,mo tuo jing ji biao yan sai.7z
摩西分海,摩西分海.7z,mo xi fen hai.7z
木筏骑士,木筏骑士.7z,mu fa qi shi.7z
闹鬼凶宅,闹鬼凶宅.7z,nao gui xiong zhai.7z
脑力游戏,脑力游戏.7z,nao li you xi.7z
尼克萨挑战,尼克萨挑战.7z,ni ke sa tiao zhan.7z
鸟骑士,鸟骑士.7z,niao qi shi.7z
农家乐,农家乐.7z,nong jia le.7z
怒之战士,怒之战士.7z,nu zhi zhan shi.7z
欧米茄赛车,欧米茄赛车.7z,ou mi jia sai che.7z
派对游戏组合,派对游戏组合.7z,pai dui you xi zu he.7z
庞贝古城,庞贝古城.7z,pang bei gu cheng.7z
炮兵对决,炮兵对决.7z,pao bing dui jue.7z
泡泡,泡泡.7z,pao pao.7z
喷火战斗机,喷火战斗机.7z,pen huo zhan dou ji.7z
披萨厨师,披萨厨师.7z,pi sa chu shi.7z
皮特罗斯棒球,皮特罗斯棒球.7z,pi te luo si bang qiu.7z
拼字游戏,拼字游戏.7z,pin zi you xi.7z
破坏者,破坏者.7z,po huai zhe.7z
破壳,破壳.7z,po ke.7z
破碎机,破碎机.7z,po sui ji.7z
葡萄酒,葡萄酒.7z,pu tao jiu.7z
企鹅推冰,企鹅推冰.7z,qi e tui bing.7z
企鹅寻宝,企鹅寻宝.7z,qi e xun bao.7z
奇妙航行,奇妙航行.7z,qi miao hang xing.7z
潜水冒险,潜水冒险.7z,qian shui mao xian.7z
潜水游戏,潜水游戏.7z,qian shui you xi.7z
潜艇气闸室,潜艇气闸室.7z,qian ting qi zha shi.7z
潜艇扫描,潜艇扫描.7z,qian ting sao miao.7z
潜艇指令,潜艇指令.7z,qian ting zhi ling.7z
前线战争,前线战争.7z,qian xian zhan zheng.7z
千足虫,千足虫.7z,qian zu chong.7z
桥牌,桥牌.7z,qiao pai.7z
切片蛋糕,切片蛋糕.7z,qie pian dan gao.7z
青蛙过河2,青蛙过河2.7z,qing wa guo he 2.7z
青蛙过河官方版,青蛙过河官方版.7z,qing wa guo he guan fang ban.7z
青蛙过河,青蛙过河.7z,qing wa guo he.7z
青蛙抓苍蝇,青蛙抓苍蝇.7z,qing wa zhua cang ying.7z
拳击,拳击.7z,quan ji.7z
权力之王,权力之王.7z,quan li zhi wang.7z
燃烧欲望,燃烧欲望.7z,ran shao yu wang.7z
人间大炮,人间大炮.7z,ren jian da pao.7z
扔蛋大战,扔蛋大战.7z,reng dan da zhan.7z
蠕虫吃豆,蠕虫吃豆.7z,ru chong chi dou.7z
蠕虫大战1,蠕虫大战1.7z,ru chong da zhan 1.7z
赛车对决,赛车对决.7z,sai che dui jue.7z
赛马游戏,赛马游戏.7z,sai ma you xi.7z
三只小猪,三只小猪.7z,san zhi xiao zhu.7z
扫过月球,扫过月球.7z,sao guo yue qiu.7z
扫描战机,扫描战机.7z,sao miao zhan ji.7z
森林,森林.7z,sen lin.7z
沙漠猎鹰,沙漠猎鹰.7z,sha mo lie ying.7z
沙丘,沙丘.7z,sha qiu.7z
山魔王,山魔王.7z,shan mo wang.7z
上上下下,上上下下.7z,shang shang xia xia.7z
哨兵,哨兵.7z,shao bing.7z
射击场,射击场.7z,she ji chang.7z
深海探索,深海探索.7z,shen hai tan suo.7z
神经错乱,神经错乱.7z,shen jing cuo luan.7z
神秘盗贼,神秘盗贼.7z,shen mi dao zei.7z
神射手威廉,神射手威廉.7z,shen she shou wei lian.7z
深水炸弹,深水炸弹.7z,shen shui zha dan.7z
渗透,渗透.7z,shen tou.7z
史丹利与猴子,史丹利与猴子.7z,shi dan li yu hou zi.7z
时间错位,时间错位.7z,shi jian cuo wei.7z
时间飞行员,时间飞行员.7z,shi jian fei xing yuan.7z
世界尽头,世界尽头.7z,shi jie jin tou.7z
失控,失控.7z,shi kong.7z
史努比与红男爵,史努比与红男爵.7z,shi nu bi yu hong nan jue.7z
石器时代,石器时代.7z,shi qi shi dai.7z
十项全能增强版,十项全能增强版.7z,shi xiang quan neng zeng qiang ban.7z
十项全能,十项全能.7z,shi xiang quan neng.7z
守卫堡垒,守卫堡垒.7z,shou wei bao lei.7z
守卫者,守卫者.7z,shou wei zhe.7z
数学竞赛,数学竞赛.7z,shu xue jing sai.7z
双截龙,双截龙.7z,shuang jie long.7z
双陆棋,双陆棋.7z,shuang lu qi.7z
水晶城堡,水晶城堡.7z,shui jing cheng bao.7z
水世界冒险,水世界冒险.7z,shui shi jie mao xian.7z
斯芬克斯之谜,斯芬克斯之谜.7z,si fen ke si zhi mi.7z
私家侦探,私家侦探.7z,si jia zhen tan.7z
斯派克爬山,斯派克爬山.7z,si pai ke pa shan.7z
死亡陷阱,死亡陷阱.7z,si wang xian jing.7z
思维迷宫,思维迷宫.7z,si wei mi gong.7z
斯沃克,斯沃克.7z,si wo ke.7z
溯溪女郎,溯溪女郎.7z,su xi nv lang.7z
索拉力星,索拉力星.7z,suo la li xing.7z
索罗斯之剑,索罗斯之剑.7z,suo luo si zhi jian.7z
塔兹,塔兹.7z,ta zi.7z
太空变种人,太空变种人.7z,tai kong bian zhong ren.7z
太空大师X-7,太空大师X-7.7z,tai kong da shi X-7.7z
太空大战,太空大战.7z,tai kong da zhan.7z
太空洞穴,太空洞穴.7z,tai kong dong xue.7z
太空噩梦,太空噩梦.7z,tai kong e meng.7z
太空攻击,太空攻击.7z,tai kong gong ji.7z
太空牡蛎,太空牡蛎.7z,tai kong mu li.7z
太空骑士,太空骑士.7z,tai kong qi shi.7z
太空侵略者,太空侵略者.7z,tai kong qin lve zhe.7z
太空隧道,太空隧道.7z,tai kong sui dao.7z
太空猪小姐,太空猪小姐.7z,tai kong zhu xiao jie.7z
太空追逐,太空追逐.7z,tai kong zhui zhu.7z
太阳风暴,太阳风暴.7z,tai yang feng bao.7z
太阳系战机,太阳系战机.7z,tai yang xi zhan ji.7z
太阳之狐,太阳之狐.7z,tai yang zhi hu.7z
唐老鸭快艇,唐老鸭快艇.7z,tang lao ya kuai ting.7z
逃离心灵迷宫,逃离心灵迷宫.7z,tao li xin ling mi gong.7z
逃税者,逃税者.7z,tao shui zhe.7z
特工,特工.7z,te gong.7z
特技击球,特技击球.7z,te ji ji qiu.7z
特技摩托,特技摩托.7z,te ji mo tuo.7z
特技演员,特技演员.7z,te ji yan yuan.7z
特种部队 眼镜蛇崛起,特种部队 眼镜蛇崛起.7z,te zhong bu dui yan jing she jue qi.7z
田径运动会,田径运动会.7z,tian jing yun dong hui.7z
天空船长,天空船长.7z,tian kong chuan zhang.7z
天空巡回,天空巡回.7z,tian kong xun hui.7z
跳棋,跳棋.7z,tiao qi.7z
跳伞运动员,跳伞运动员.7z,tiao san yun dong yuan.7z
铁板阵,铁板阵.7z,tie ban zhen.7z
铁头,铁头.7z,tie tou.7z
骰子游戏,骰子游戏.7z,tou zi you xi.7z
兔八哥,兔八哥.7z,tu ba ge.7z
突击队员,突击队员.7z,tu ji dui yuan.7z
突击,突击.7z,tu ji.7z
图坦卡门,图坦卡门.7z,tu tan ka men.7z
兔兔冒险,兔兔冒险.7z,tu tu mao xian.7z
突袭危机,突袭危机.7z,tu xi wei ji.7z
秃鹰袭击,秃鹰袭击.7z,tu ying xi ji.7z
兔子跳跃,兔子跳跃.7z,tu zi tiao yue.7z
瓦比特,瓦比特.7z,wa bi te.7z
外星人迷宫,外星人迷宫.7z,wai xing ren mi gong.7z
外星人,外星人.7z,wai xing ren.7z
外星危机,外星危机.7z,wai xing wei ji.7z
万圣节,万圣节.7z,wan sheng jie.7z
网球,网球.7z,wang qiu.7z
卫星杀手,卫星杀手.7z,wei xing sha shou.7z
文字游戏,文字游戏.7z,wen zi you xi.7z
涡轮增压,涡轮增压.7z,wo lun zeng ya.7z
蜗牛与松鼠,蜗牛与松鼠.7z,wo niu yu song shu.7z
无法逃脱,无法逃脱.7z,wu fa tao tuo.7z
无路可退,无路可退.7z,wu lu ke tui.7z
巫师沃尔,巫师沃尔.7z,wu shi wo er.7z
巫师,巫师.7z,wu shi.7z
午夜狂飙,午夜狂飙.7z,wu ye kuang biao.7z
午夜魔法,午夜魔法.7z,wu ye mo fa.7z
侠盗罗宾汉,侠盗罗宾汉.7z,xia dao luo bin han.7z
峡谷轰炸,峡谷轰炸.7z,xia gu hong zha.7z
夏季运动会,夏季运动会.7z,xia ji yun dong hui.7z
先睹为快,先睹为快.7z,xian du wei kuai.7z
陷阱I 丛林冒险,陷阱I 丛林冒险.7z,xian jing I cong lin mao xian.7z
陷阱II 失落洞穴,陷阱II 失落洞穴.7z,xian jing II shi luo dong xue.7z
相互保证毁灭,相互保证毁灭.7z,xiang hu bao zheng hui mie.7z
相位巡查,相位巡查.7z,xiang wei xun cha.7z
小白脸,小白脸.7z,xiao bai lian.7z
消防员,消防员.7z,xiao fang yuan.7z
小飞象的飞行马戏团,小飞象的飞行马戏团.7z,xiao fei xiang de fei xing ma xi tuan.7z
小鸡过路,小鸡过路.7z,xiao ji guo lu.7z
小轮车赛,小轮车赛.7z,xiao lun che sai.7z
小蜜蜂,小蜜蜂.7z,xiao mi feng.7z
小魔怪,小魔怪.7z,xiao mo guai.7z
小兔跳跳,小兔跳跳.7z,xiao tu tiao tiao.7z
小镇骑士,小镇骑士.7z,xiao zhen qi shi.7z
邪恶进攻,邪恶进攻.7z,xie e jin gong.7z
心灵打砖块,心灵打砖块.7z,xin ling da zhuan kuai.7z
心灵感应,心灵感应.7z,xin ling gan ying.7z
星爆,星爆.7z,xing bao.7z
腥风血雨,腥风血雨.7z,xing feng xue yu.7z
星际飞船 外太空,星际飞船 外太空.7z,xing ji fei chuan wai tai kong.7z
星际火狐,星际火狐.7z,xing ji huo hu.7z
星际旅行者,星际旅行者.7z,xing ji lv xing zhe.7z
星际迷航 恒星轨迹,星际迷航 恒星轨迹.7z,xing ji mi hang heng xing gui ji.7z
星际迷航 模拟战略行动,星际迷航 模拟战略行动.7z,xing ji mi hang mo ni zhan lve xing dong.7z
星际突击,星际突击.7z,xing ji tu ji.7z
星际之门,星际之门.7z,xing ji zhi men.7z
星际尊者,星际尊者.7z,xing ji zun zhe.7z
行李丢失,行李丢失.7z,xing li diu shi.7z
星枪,星枪.7z,xing qiang.7z
星球打击,星球打击.7z,xing qiu da ji.7z
星球大战 帝国反击战,星球大战 帝国反击战.7z,xing qiu da zhan di guo fan ji zhan.7z
星球大战 街机版,星球大战 街机版.7z,xing qiu da zhan jie ji ban.7z
星球大战 绝地竞技场,星球大战 绝地竞技场.7z,xing qiu da zhan jue di jing ji chang.7z
星球外传 死星之战,星球外传 死星之战.7z,xing qiu wai zhuan si xing zhi zhan.7z
星球巡逻队,星球巡逻队.7z,xing qiu xun luo dui.7z
行星飞行,行星飞行.7z,xing xing fei xing.7z
行星据点,行星据点.7z,xing xing ju dian.7z
星旋,星旋.7z,xing xuan.7z
星战外传 伊沃克人历险记,星战外传 伊沃克人历险记.7z,xing zhan wai zhuan yi wo ke ren li xian ji.7z
巡航导弹,巡航导弹.7z,xun hang dao dan.7z
循环,循环.7z,xun huan.7z
寻剑1 地世界,寻剑1 地世界.7z,xun jian 1 di shi jie.7z
寻剑2 火世界,寻剑2 火世界.7z,xun jian 2 huo shi jie.7z
寻剑3 水世界,寻剑3 水世界.7z,xun jian 3 shui shi jie.7z
牙斑攻击,牙斑攻击.7z,ya ban gong ji.7z
牙齿保卫者,牙齿保卫者.7z,ya chi bao wei zhe.7z
雅达利弹球,雅达利弹球.7z,ya da li dan qiu.7z
雅达利跳棋,雅达利跳棋.7z,ya da li tiao qi.7z
亚尔斯的复仇,亚尔斯的复仇.7z,ya er si de fu chou.7z
亚特兰蒂斯1,亚特兰蒂斯1.7z,ya te lan di si 1.7z
亚特兰蒂斯2,亚特兰蒂斯2.7z,ya te lan di si 2.7z
严酷考验,严酷考验.7z,yan ku kao yan.7z
遥控坦克,遥控坦克.7z,yao kong tan ke.7z
椰菜娃娃 公园冒险,椰菜娃娃 公园冒险.7z,ye cai wa wa gong yuan mao xian.7z
野餐,野餐.7z,ye can.7z
野人托马克,野人托马克.7z,ye ren tuo ma ke.7z
意大利面,意大利面.7z,yi da li mian.7z
一号行星救援,一号行星救援.7z,yi hao xing xing jiu yuan.7z
伊克西翁,伊克西翁.7z,yi ke xi weng.7z
伊莱爬梯,伊莱爬梯.7z,yi lai pa ti.7z
一球双扣,一球双扣.7z,yi qiu shuang kou.7z
异形任务,异形任务.7z,yi xing ren wu.7z
翼之战机,翼之战机.7z,yi zhi zhan ji.7z
银行劫案,银行劫案.7z,yin hang jie an.7z
银河系轨道机械部队,银河系轨道机械部队.7z,yin he xi gui dao ji xie bu dui.7z
音速戈登,音速戈登.7z,yin su ge deng.7z
音乐机器,音乐机器.7z,yin yue ji qi.7z
萤火虫,萤火虫.7z,ying huo chong.7z
英雄,英雄.7z,ying xiong.7z
邮差先生,邮差先生.7z,you chai xian sheng.7z
油老虎,油老虎.7z,you lao hu.7z
幽灵庄园,幽灵庄园.7z,you ling zhuang yuan.7z
宇宙的巨人希曼,宇宙的巨人希曼.7z,yu zhou de ju ren xi man.7z
宇宙方舟,宇宙方舟.7z,yu zhou fang zhou.7z
宇宙潜行,宇宙潜行.7z,yu zhou qian xing.7z
宇宙通勤者,宇宙通勤者.7z,yu zhou tong qin zhe.7z
宇宙蚁群,宇宙蚁群.7z,yu zhou yi qun.7z
宇宙战争,宇宙战争.7z,yu zhou zhan zheng.7z
原子粉碎,原子粉碎.7z,yuan zi fen sui.7z
乐队逃离,乐队逃离.7z,yue dui tao li.7z
月球机器人,月球机器人.7z,yue qiu ji qi ren.7z
月球巡逻队,月球巡逻队.7z,yue qiu xun luo dui.7z
越野摩托赛,越野摩托赛.7z,yue ye mo tuo sai.7z
越野摩托,越野摩托.7z,yue ye mo tuo.7z
越野耐力赛,越野耐力赛.7z,yue ye nai li sai.7z
运河大战2,运河大战2.7z,yun he da zhan 2.7z
运河大战,运河大战.7z,yun he da zhan.7z
炸窝,炸窝.7z,zha wo.7z
战斗任务2,战斗任务2.7z,zhan dou ren wu 2.7z
战斗任务,战斗任务.7z,zhan dou ren wu.7z
战略X,战略X.7z,zhan lve X.7z
詹姆斯邦德007,詹姆斯邦德007.7z,zhan mu si bang de 007.7z
战争地带,战争地带.7z,zhan zheng di dai.7z
真实棒球,真实棒球.7z,zhen shi bang qiu.7z
真实橄榄球,真实橄榄球.7z,zhen shi gan lan qiu.7z
真实排球,真实排球.7z,zhen shi pai qiu.7z
真实拳击,真实拳击.7z,zhen shi quan ji.7z
真实网球,真实网球.7z,zhen shi wang qiu.7z
真实足球,真实足球.7z,zhen shi zu qiu.7z
拯救鲸鱼,拯救鲸鱼.7z,zheng jiu jing yu.7z
拯救玛丽,拯救玛丽.7z,zheng jiu ma li.7z
拯救我们的船,拯救我们的船.7z,zheng jiu wo men de chuan.7z
正义前锋,正义前锋.7z,zheng yi qian feng.7z
指环王 瑞文戴尔之旅,指环王 瑞文戴尔之旅.7z,zhi huan wang rui wen dai er zhi lv.7z
智力记忆,智力记忆.7z,zhi li ji yi.7z
芝麻开门,芝麻开门.7z,zhi ma kai men.7z
致命狂飙,致命狂飙.7z,zhi ming kuang biao.7z
直升机指令,直升机指令.7z,zhi sheng ji zhi ling.7z
职业摔跤冠军赛,职业摔跤冠军赛.7z,zhi ye shuai jiao guan jun sai.7z
蜘蛛猎手,蜘蛛猎手.7z,zhi zhu lie shou.7z
蜘蛛迷宫,蜘蛛迷宫.7z,zhi zhu mi gong.7z
蜘蛛侠,蜘蛛侠.7z,zhi zhu xia.7z
中国综合症,中国综合症.7z,zhong guo zong he zheng.7z
祝你好运 查理布朗,祝你好运 查理布朗.7z,zhu ni hao yun cha li bu lang.7z
猪小弟,猪小弟.7z,zhu xiao di.7z
猪小姐的婚礼,猪小姐的婚礼.7z,zhu xiao jie de hun li.7z
撞墙,撞墙.7z,zhuang qiang.7z
追捕粉红豹,追捕粉红豹.7z,zhui bu fen hong bao.7z
追逐马车,追逐马车.7z,zhui zhu ma che.7z
捉鬼敢死队2,捉鬼敢死队2.7z,zhuo gui gan si dui 2.7z
捉鬼敢死队,捉鬼敢死队.7z,zhuo gui gan si dui.7z
自取灭亡,自取灭亡.7z,zi qu mie wang.7z
走迷宫,走迷宫.7z,zou mi gong.7z
