Capcom vs SNK 2 街霸对拳皇2 简化版,Capcom vs SNK 2 街霸对拳皇2 简化版.cdi,Capcom vs SNK 2 jie ba dui quan huang 2 jian hua ban.cdi
NEO格斗竞技场 简化版,NEO格斗竞技场 简化版.chd,NEO ge dou jing ji chang jian hua ban.chd
扳机之心 艾塞莉卡 加强版,扳机之心 艾塞莉卡 加强版.cdi,ban ji zhi xin ai sai li ka jia qiang ban.cdi
斑鸠 加强版1,斑鸠 加强版1.cdi,ban jiu jia qiang ban 1.cdi
斑鸠 加强版2,斑鸠 加强版2.cdi,ban jiu jia qiang ban 2.cdi
病血 加强版,病血 加强版.cdi,bing xue jia qiang ban.cdi
超级街头霸王2X 加强版,超级街头霸王2X 加强版.cdi,chao ji jie tou ba wang 2X jia qiang ban.cdi
超级街头霸王2X 简化版,超级街头霸王2X 简化版.cdi,chao ji jie tou ba wang 2X jian hua ban.cdi
超级漫画英雄VS卡普空2 简化版,超级漫画英雄VS卡普空2 简化版.cdi,chao ji man hua ying xiong VS ka pu kong 2 jian hua ban.cdi
沉默的狙击手 加强版,沉默的狙击手 加强版.cdi,chen mo de ju ji shou jia qiang ban.cdi
电波少年 加强版,电波少年 加强版.cdi,dian bo shao nian jia qiang ban.cdi
疯狂出租车2 加强版,疯狂出租车2 加强版.cdi,feng kuang chu zu che 2 jia qiang ban.cdi
合金弹头6 加强版,合金弹头6 加强版.cdi,he jin dan tou 6 jia qiang ban.cdi
机密任务 加强版,机密任务 加强版.cdi,ji mi ren wu jia qiang ban.cdi
剑风传奇 加强版,剑风传奇 加强版.chd,jian feng chuan qi jia qiang ban.chd
街头霸王3 3.0 简化版,街头霸王3 3.0 简化版.cdi,jie tou ba wang 3 3.0 jian hua ban.cdi
卡普空VS彩京 麻将 加强版,卡普空VS彩京 麻将 加强版.cdi,ka pu kong VS cai jing ma jiang jia qiang ban.cdi
灵魂能力 加强版,灵魂能力 加强版.cdi,ling hun neng li jia qiang ban.cdi
罗德岛战记 加强版,罗德岛战记 加强版.cdi,luo de dao zhan ji jia qiang ban.cdi
美少女雀士 加强版,美少女雀士 加强版.cdi,mei shao nv que shi jia qiang ban.cdi
梦游美国 加强版,梦游美国 加强版.cdi,meng you mei guo jia qiang ban.cdi
丧尸复仇 加强版,丧尸复仇 加强版.cdi,sang shi fu chou jia qiang ban.cdi
神机世界2 快速升级,神机世界2 快速升级.cdi,shen ji shi jie 2 kuai su sheng ji.cdi
神枪机兵 加强版,神枪机兵 加强版.cdi,shen qiang ji bing jia qiang ban.cdi
生化危机3 加强版,生化危机3 加强版.cdi,sheng hua wei ji 3 jia qiang ban.cdi
生化危机 代号维罗妮卡 汉化加强版,生化危机 代号维罗妮卡 汉化加强版/menu.m3u,sheng hua wei ji dai hao wei luo ni ka han hua jia qiang ban
圣铠传说 加强版,圣铠传说 加强版.cdi,sheng kai chuan shuo jia qiang ban.cdi
侍魂6 简化版,侍魂6 简化版.cdi,shi hun 6 jian hua ban.cdi
式神之城2 加强版,式神之城2 加强版.cdi,shi shen zhi cheng 2 jia qiang ban.cdi
死或生2 加强版,死或生2 加强版.chd,si huo sheng 2 jia qiang ban.chd
死亡之屋2 加强版,死亡之屋2 加强版.cdi,si wang zhi wu 2 jia qiang ban.cdi
天翔骑兵 胜利铁骑 加强版,天翔骑兵 胜利铁骑 加强版.cdi,tian xiang qi bing sheng li tie qi jia qiang ban.cdi
武装飞鸟2 加强版,武装飞鸟2 加强版.cdi,wu zhuang fei niao 2 jia qiang ban.cdi
新三国战纪 七星转生 吕布版,新三国战纪 七星转生 吕布版.chd,xin san guo zhan ji qi xing zhuan sheng lv bu ban.chd
刑事快打2 加强版,刑事快打2 加强版.chd,xing shi kuai da 2 jia qiang ban.chd
钻地小子 无限命,钻地小子 无限命.cdi,zuan di xiao zi wu xian ming.cdi
