Capcom格斗合集,Capcom格斗合集.chd,Capcom ge dou he ji.chd
Capcom vs SNK 2 街霸对拳皇2,Capcom vs SNK 2 街霸对拳皇2.chd,Capcom vs SNK 2 jie ba dui quan huang 2.chd
Capcom vs SNK 千禧合集,Capcom vs SNK 千禧合集.chd,Capcom vs SNK qian xi he ji.chd
D之食卓2 英文版,D之食卓2 英文版/menu.m3u,D zhi shi zhuo 2 ying wen ban
NBA 2k2,NBA 2k2.chd,NBA 2k2.chd
NEO XYX,NEO XYX.cdi,NEO XYX.cdi
NEO格斗竞技场,NEO格斗竞技场.chd,NEO ge dou jing ji chang.chd
VR网球2,VR网球2.chd,VR wang qiu 2.chd
VR战警2,VR战警2.chd,VR zhan jing 2.chd
VR战士3,VR战士3.chd,VR zhan shi 3.chd
扳机之心 艾塞莉卡,扳机之心 艾塞莉卡.chd,ban ji zhi xin ai sai li ka.chd
班凯奥 Bangai-O,班凯奥 Bangai-O.chd,ban kai ao Bangai-O.chd
爆裂无敌,爆裂无敌.chd,bao lie wu di.chd
病血 汉化版,病血 汉化版.cdi,bing xue han hua ban.cdi
彩虹小魔女 英文版,彩虹小魔女 英文版.chd,cai hong xiao mo nv ying wen ban.chd
超级街头霸王2X,超级街头霸王2X.chd,chao ji jie tou ba wang 2X.chd
超级漫画英雄VS卡普空2,超级漫画英雄VS卡普空2.chd,chao ji man hua ying xiong VS ka pu kong 2.chd
超能力格斗2012,超能力格斗2012.chd,chao neng li ge dou 2012.chd
城堡幻想曲 圣魔大战 汉化版,城堡幻想曲 圣魔大战 汉化版.cdi,cheng bao huan xiang qu sheng mo da zhan han hua ban.cdi
大都会街道赛,大都会街道赛.chd,da du hui jie dao sai.chd
弹幕装甲2 虚构之未来,弹幕装甲2 虚构之未来.chd,dan mu zhuang jia 2 xu gou zhi wei lai.chd
电脑战机,电脑战机.chd,dian nao zhan ji.chd
东京巴士指南 汉化版,东京巴士指南 汉化版.cdi,dong jing ba shi zhi nan han hua ban.cdi
哆啦A梦 汉化版,哆啦A梦 汉化版.cdi,duo la A meng han hua ban.cdi
饿狼传说 狼之印记,饿狼传说 狼之印记.chd,e lang chuan shuo lang zhi yin ji.chd
俄罗斯方块4D 汉化版,俄罗斯方块4D 汉化版.cdi,e luo si fang kuai 4D han hua ban.cdi
飞空之舞,飞空之舞.chd,fei kong zhi wu.chd
风暴 Sturmwind,风暴 Sturmwind.chd,feng bao Sturmwind.chd
疯狂出租车1,疯狂出租车1.chd,feng kuang chu zu che 1.chd
疯狂出租车2,疯狂出租车2.chd,feng kuang chu zu che 2.chd
伏尔加维京,伏尔加维京.cdi,fu er jia wei jing.cdi
格斗力量2,格斗力量2.chd,ge dou li liang 2.chd
格斗之蛇2,格斗之蛇2.chd,ge dou zhi she 2.chd
格兰蒂亚2 汉化版,格兰蒂亚2 汉化版.cdi,ge lan di ya 2 han hua ban.cdi
哥斯拉新世代,哥斯拉新世代.chd,ge si la xin shi dai.chd
鬼屋魔影 新的梦魇 英文版,鬼屋魔影 新的梦魇 英文版.chd,gui wu mo ying xin de meng yan ying wen ban.chd
海豚大冒险 未来守护者,海豚大冒险 未来守护者.chd,hai tun da mao xian wei lai shou hu zhe.chd
黑色矩阵 日文版,黑色矩阵 日文版/menu.m3u,hei se ju zhen ri wen ban
魂之战士,魂之战士.chd,hun zhi zhan shi.chd
机动战士高达0079外传,机动战士高达0079外传.chd,ji dong zhan shi gao da 0079 wai zhuan.chd
机动战士高达 联邦VS吉翁,机动战士高达 联邦VS吉翁/menu.m3u,ji dong zhan shi gao da lian bang VS ji weng
剑风传奇 汉化版,剑风传奇 汉化版.cdi,jian feng chuan qi han hua ban.cdi
街头涂鸦,街头涂鸦.chd,jie tou tu ya.chd
精英中队 Fast Striker,精英中队 Fast Striker.cdi,jing ying zhong dui Fast Striker.cdi
啾啾火箭队 汉化版,啾啾火箭队 汉化版.cdi,jiu jiu huo jian dui han hua ban.cdi
凯恩的遗产 噬魂者,凯恩的遗产 噬魂者.chd,kai en de yi chan shi hun zhe.chd
恐龙危机 汉化版,恐龙危机 汉化版.cdi,kong long wei ji han hua ban.cdi
蓝刺 汉化版,蓝刺 汉化版.chd,lan ci han hua ban.chd
蓝海豚,蓝海豚.cdi,lan hai tun.cdi
乐芒赛车,乐芒赛车.chd,le mang sai che.chd
雷曼2 胜利大逃亡,雷曼2 胜利大逃亡.chd,lei man 2 sheng li da tao wang.chd
雷神之锤3,雷神之锤3.chd,lei shen zhi chui 3.chd
雷兹 Rez,雷兹 Rez.chd,lei zi Rez.chd
力量5,力量5.chd,li liang 5.chd
猎头者,猎头者/menu.m3u,lie tou zhe
灵魂能力,灵魂能力.chd,ling hun neng li.chd
铃木机车赛,铃木机车赛.chd,ling mu ji che sai.chd
罗德岛战记 汉化版,罗德岛战记 汉化版.cdi,luo de dao zhan ji han hua ban.cdi
毛皮斗士,毛皮斗士.chd,mao pi dou shi.chd
梦幻之星online ver.1,梦幻之星online ver.1.chd,meng huan zhi xing online ver.1.chd
梦幻之星online ver.2,梦幻之星online ver.2.chd,meng huan zhi xing online ver.2.chd
梦游美国,梦游美国.chd,meng you mei guo.chd
魔剑X 英文版,魔剑X 英文版.chd,mo jian X ying wen ban.chd
姆沙皮的巧克力记录 汉化版,姆沙皮的巧克力记录 汉化版.cdi,mu sha pi de qiao ke li ji lu han hua ban.cdi
能量宝石1,能量宝石1.chd,neng liang bao shi 1.chd
能量宝石2,能量宝石2.chd,neng liang bao shi 2.chd
枪王 GunLord,枪王 GunLord.cdi,qiang wang GunLord.cdi
青之六号 英文版,青之六号 英文版.chd,qing zhi liu hao ying wen ban.chd
拳皇2000,拳皇2000.chd,quan huang 2000.chd
拳皇2001,拳皇2001.chd,quan huang 2001.chd
拳皇2002,拳皇2002.chd,quan huang 2002.chd
拳皇98,拳皇98.chd,quan huang 98.chd
拳皇99,拳皇99.chd,quan huang 99.chd
拳皇新浪潮,拳皇新浪潮.chd,quan huang xin lang chao.chd
拳兽,拳兽.chd,quan shou.chd
燃烧吧！正义学院,燃烧吧！正义学院.chd,ran shao ba ！ zheng yi xue yuan.chd
桑巴沙锤,桑巴沙锤.chd,sang ba sha chui.chd
莎木1  最终版 英字日音,莎木1  最终版 英字日音/menu.m3u,sha mu 1 zui zhong ban ying zi ri yin
莎木2  汉化版,莎木2  汉化版/menu.m3u,sha mu 2 han hua ban
神机世界2 汉化版,神机世界2 汉化版.cdi,shen ji shi jie 2 han hua ban.cdi
神枪机兵,神枪机兵.chd,shen qiang ji bing.chd
生化危机 代号维罗妮卡 汉化版,生化危机 代号维罗妮卡 汉化版.chd,sheng hua wei ji dai hao wei luo ni ka han hua ban.chd
世嘉GT,世嘉GT.chd,shi jia GT.chd
世嘉嘉嘉 汉化版,世嘉嘉嘉 汉化版.cdi,shi jia jia jia han hua ban.cdi
世嘉拉力锦标赛2,世嘉拉力锦标赛2.chd,shi jia la li jin biao sai 2.chd
首都高赛车2 汉化版,首都高赛车2 汉化版.chd,shou du gao sai che 2 han hua ban.chd
死或生2 限定版,死或生2 限定版.chd,si huo sheng 2 xian ding ban.chd
私立正义学院2,私立正义学院2.chd,si li zheng yi xue yuan 2.chd
索尼克大冒险1,索尼克大冒险1.chd,suo ni ke da mao xian 1.chd
索尼克大冒险2 汉化版,索尼克大冒险2 汉化版.chd,suo ni ke da mao xian 2 han hua ban.chd
太空频道5 Part1,太空频道5 Part1.chd,tai kong pin dao 5 Part1.chd
太空频道5 Part2,太空频道5 Part2.chd,tai kong pin dao 5 Part2.chd
天翔骑兵 胜利铁骑 汉化版,天翔骑兵 胜利铁骑 汉化版.cdi,tian xiang qi bing sheng li tie qi han hua ban.cdi
托尼霍克职业滑板2,托尼霍克职业滑板2.chd,tuo ni huo ke zhi ye hua ban 2.chd
威力扫荡（生体兵器）,威力扫荡（生体兵器）.chd,wei li sao dang （ sheng ti bing qi ）.chd
午夜凶铃 汉化版,午夜凶铃 汉化版.cdi,wu ye xiong ling han hua ban.cdi
星际斗士2,星际斗士2.chd,xing ji dou shi 2.chd
刑事快打,刑事快打.chd,xing shi kuai da.chd
虚幻竞技场,虚幻竞技场.chd,xu huan jing ji chang.chd
永恒的阿卡迪亚 汉化版,永恒的阿卡迪亚 汉化版/menu.m3u,yong heng de a ka di ya han hua ban
月华剑士2 汉化版,月华剑士2 汉化版.cdi,yue hua jian shi 2 han hua ban.cdi
再生侠 汉化版,再生侠 汉化版.cdi,zai sheng xia han hua ban.cdi
重金属格斗,重金属格斗.chd,zhong jin shu ge dou.chd
最后的希望 粉红子弹,最后的希望 粉红子弹.cdi,zui hou de xi wang fen hong zi dan.cdi
