1,1/wofj.zip,1
10,10/wof.zip,10
11,11/wofj.zip,11
12,12/wof.zip,12
13,13/wof.zip,13
2,2/wof.zip,2
3,3/wof.zip,3
4,4/wof.zip,4
5,5/wofhfh.zip,5
6,6/wof.zip,6
7,7/wof.zip,7
8,8/wof.zip,8
9,9/wof.zip,9
惩罚者(全屏攻击版),惩罚者(全屏攻击版).zip,cheng fa zhe ( quan ping gong ji ban ).zip
机甲战士(全屏攻击版),机甲战士(全屏攻击版).zip,ji jia zhan shi ( quan ping gong ji ban ).zip
恐龙快打全屏攻击版,恐龙快打全屏攻击版/dino.zip,kong long kuai da quan ping gong ji ban
恐龙新世纪AB无限版,恐龙新世纪AB无限版.zip,kong long xin shi ji AB wu xian ban.zip
龙与地下城:暗黑秘影全屏攻击版,龙与地下城:暗黑秘影全屏攻击版.zip,long yu di xia cheng : an hei mi ying quan ping gong ji ban.zip
龙与地下城:毁灭之塔全屏攻击版,龙与地下城:毁灭之塔全屏攻击版.zip,long yu di xia cheng : hui mie zhi ta quan ping gong ji ban.zip
名将全屏攻击版,名将全屏攻击版.zip,ming jiang quan ping gong ji ban.zip
三国志2 (全屏攻击版),三国志2 (全屏攻击版).zip,san guo zhi 2 ( quan ping gong ji ban ).zip
西游释厄传1 群魔乱舞,西游释厄传1 群魔乱舞.zip,xi you shi e chuan 1 qun mo luan wu.zip
异形大战铁血战士(全屏攻击版),异形大战铁血战士(全屏攻击版).zip,yi xing da zhan tie xue zhan shi ( quan ping gong ji ban ).zip
圆桌骑士(全屏攻击版),圆桌骑士(全屏攻击版).zip,yuan zhuo qi shi ( quan ping gong ji ban ).zip
