超级阵地坦克,超级阵地坦克.zip,chao ji zhen di tan ke.zip
赤色要塞,赤色要塞.zip,chi se yao sai.zip
铳弹岚,铳弹岚.zip,chong dan lan.zip
大怪兽的逆袭,大怪兽的逆袭.zip,da guai shou de ni xi.zip
大坦克,大坦克.zip,da tan ke.zip
地狱英雄传说,地狱英雄传说.zip,di yu ying xiong chuan shuo.zip
地狱英雄前传异域战将,地狱英雄前传异域战将.zip,di yu ying xiong qian chuan yi yu zhan jiang.zip
点五零,点五零.zip,dian wu ling.zip
饿流祸,饿流祸.zip,e liu huo.zip
反战英雄,反战英雄.zip,fan zhan ying xiong.zip
疯狂警察,疯狂警察.zip,feng kuang jing cha.zip
钢铁神兵2,钢铁神兵2.zip,gang tie shen bing 2.zip
古巴战士,古巴战士.zip,gu ba zhan shi.zip
荒野大镖客,荒野大镖客.zip,huang ye da biao ke.zip
魂斗罗1,魂斗罗1.zip,hun dou luo 1.zip
魂斗罗2,魂斗罗2.zip,hun dou luo 2.zip
陆海航空队,陆海航空队.zip,lu hai hang kong dui.zip
灭绝,灭绝.zip,mie jue.zip
魔门地狱石,魔门地狱石.zip,mo men di yu shi.zip
neogeo,neogeo.zip,neogeo.zip
nob,nob.zip,nob.zip
怒3：救援,怒3：救援.zip,nu 3： jiu yuan.zip
怒号层圈-胜利之路,怒号层圈-胜利之路.zip,nu hao ceng quan - sheng li zhi lu.zip
怒,怒.zip,nu.zip
女武神传说,女武神传说.zip,nv wu shen chuan shuo.zip
pgm,pgm.zip,pgm.zip
霹雳神兵,霹雳神兵.zip,pi li shen bing.zip
奇奇怪界,奇奇怪界.zip,qi qi guai jie.zip
前线,前线.zip,qian xian.zip
忍者绘卷,忍者绘卷.zip,ren zhe hui juan.zip
沙漠破坏者,沙漠破坏者.zip,sha mo po huai zhe.zip
圣战士阿玛迪斯,圣战士阿玛迪斯.zip,sheng zhan shi a ma di si.zip
时空战士,时空战士.zip,shi kong zhan shi.zip
stvbios,stvbios.zip,stvbios.zip
特殊部队,特殊部队.zip,te shu bu dui.zip
星星战争2012,星星战争2012.zip,xing xing zhan zheng 2012.zip
异形大作战,异形大作战.zip,yi xing da zuo zhan.zip
战场之狼1,战场之狼1.zip,zhan chang zhi lang 1.zip
战场之狼2,战场之狼2.zip,zhan chang zhi lang 2.zip
