暴风小子加强版,暴风小子加强版.zip,bao feng xiao zi jia qiang ban.zip
变身忍者 加强版,变身忍者 加强版.zip,bian shen ren zhe jia qiang ban.zip
惩罚者(降龙版),惩罚者(降龙版).zip,cheng fa zhe ( xiang long ban ).zip
denjinmk,denjinmk.zip,denjinmk.zip
电神魔傀1 简化版,电神魔傀1 简化版.zip,dian shen mo gui 1 jian hua ban.zip
电神魔傀2 简化版,电神魔傀2 简化版.zip,dian shen mo gui 2 jian hua ban.zip
dino blood,dino blood/dino.zip,dino blood
dino burst,dino burst/dino.zip,dino burst
恐龙新世纪(逆天版),恐龙新世纪(逆天版).zip,kong long xin shi ji ( ni tian ban ).zip
零组特攻队(无双版),零组特攻队(无双版).zip,ling zu te gong dui ( wu shuang ban ).zip
美少女战士 加强版,美少女战士 加强版.zip,mei shao nv zhan shi jia qiang ban.zip
名将 加强版1,名将 加强版1.zip,ming jiang jia qiang ban 1.zip
名将 加强版2,名将 加强版2.zip,ming jiang jia qiang ban 2.zip
忍者棒球 简化版,忍者棒球 简化版.zip,ren zhe bang qiu jian hua ban.zip
三国志2 (达人),三国志2 (达人).zip,san guo zhi 2 ( da ren ).zip
三国志2 (蓝色标题),三国志2 (蓝色标题).zip,san guo zhi 2 ( lan se biao ti ).zip
wof曹仁,wof曹仁/wof.zip,wof cao ren
wof超级加强版,wof超级加强版/wof.zip,wof chao ji jia qiang ban
wof弓箭,wof弓箭/wof.zip,wof gong jian
wof李典,wof李典/wof.zip,wof li dian
wof三剑圣,wof三剑圣/wof.zip,wof san jian sheng
wof降龙,wof降龙/wof.zip,wof xiang long
wof晕锤拳,wof晕锤拳/wof.zip,wof yun chui quan
wof,wof.zip,wof.zip
wofj,wofj.zip,wofj.zip
西游释厄传1 SUPER,西游释厄传1 SUPER.zip,xi you shi e chuan 1 SUPER.zip
西游释厄传1 加强版,西游释厄传1 加强版.zip,xi you shi e chuan 1 jia qiang ban.zip
西游释厄传1 群魔乱舞2016修订版,西游释厄传1 群魔乱舞2016修订版.zip,xi you shi e chuan 1 qun mo luan wu 2016 xiu ding ban.zip
圆桌骑士(乱步版),圆桌骑士(乱步版).zip,yuan zhuo qi shi ( luan bu ban ).zip
战国传承3 加强版,战国传承3 加强版.zip,zhan guo chuan cheng 3 jia qiang ban.zip
