1 on 1,1 on 1.zip,1 on 1.zip
1992欧洲冠军,1992欧洲冠军.zip,1992 ou zhou guan jun.zip
2对2冰上曲棍球公开赛,2对2冰上曲棍球公开赛.zip,2 dui 2 bing shang qu gun qiu gong kai sai.zip
94国际杯,94国际杯.zip,94 guo ji bei.zip
MVP棒球,MVP棒球.zip,MVP bang qiu.zip
Makochan破碎机,Makochan破碎机.zip,Makochan po sui ji.zip
NBA 背靠背,NBA 背靠背.zip,NBA bei kao bei.zip
NBA极限滞空,NBA极限滞空.zip,NBA ji xian zhi kong.zip
NBA嘉年华锦标赛,NBA嘉年华锦标赛.zip,NBA jia nian hua jin biao sai.zip
NBA嘉年华,NBA嘉年华.zip,NBA jia nian hua.zip
NBA跑轰2,NBA跑轰2.zip,NBA pao hong 2.zip
NBA跑轰,NBA跑轰.zip,NBA pao hong.zip
NEO大联盟高尔夫,NEO大联盟高尔夫.zip,NEO da lian meng gao er fu.zip
Tecmo 世界杯足球,Tecmo 世界杯足球.zip,Tecmo shi jie bei zu qiu.zip
阿尔卑斯滑雪 2,阿尔卑斯滑雪 2.zip,a er bei si hua xue 2.zip
爱情岛,爱情岛.zip,ai qing dao.zip
棒棒球,棒棒球.zip,bang bang qiu.zip
棒球英雄96,棒球英雄96.zip,bang qiu ying xiong 96.zip
棒球之星 2,棒球之星 2.zip,bang qiu zhi xing 2.zip
暴力冰上曲棍球,暴力冰上曲棍球.zip,bao li bing shang qu gun qiu.zip
暴力溜冰,暴力溜冰.zip,bao li liu bing.zip
宝石方块2 穿越时空的旅程,宝石方块2 穿越时空的旅程.zip,bao shi fang kuai 2 chuan yue shi kong de lv cheng.zip
宝石方块竞赛版,宝石方块竞赛版.zip,bao shi fang kuai jing sai ban.zip
宝石方块,宝石方块.zip,bao shi fang kuai.zip
宝石砖块,宝石砖块.zip,bao shi zhuan kuai.zip
爆笑保龄球,爆笑保龄球.zip,bao xiao bao ling qiu.zip
壁球,壁球.zip,bi qiu.zip
bombeplus,bombeplus/neobombe.zip,bombeplus
彩虹岛-特别版,彩虹岛-特别版.zip,cai hong dao - te bie ban.zip
彩虹岛,彩虹岛.zip,cai hong dao.zip
长江,长江.zip,chang jiang.zip
超级比 2,超级比 2.zip,chao ji bi 2.zip
超级比 2000,超级比 2000.zip,chao ji bi 2000.zip
超级比 3,超级比 3.zip,chao ji bi 3.zip
超级比,超级比.zip,chao ji bi.zip
超级方块战士2,超级方块战士2.zip,chao ji fang kuai zhan shi 2.zip
超级魔法气泡,超级魔法气泡.zip,chao ji mo fa qi pao.zip
超级泡泡2003,超级泡泡2003.zip,chao ji pao pao 2003.zip
超级泡泡龙 MD,超级泡泡龙 MD.zip,chao ji pao pao long MD.zip
超级视觉足球：欧洲世嘉杯,超级视觉足球：欧洲世嘉杯.zip,chao ji shi jue zu qiu ： ou zhou shi jia bei.zip
超级徐徐大作战,超级徐徐大作战.zip,chao ji xu xu da zuo zhan.zip
超级砖块对对碰,超级砖块对对碰.zip,chao ji zhuan kuai dui dui peng.zip
超酷迷你游戏,超酷迷你游戏.zip,chao ku mi ni you xi.zip
超能运动会2,超能运动会2.zip,chao neng yun dong hui 2.zip
超能运动会,超能运动会.zip,chao neng yun dong hui.zip
超强魔法泡泡,超强魔法泡泡.zip,chao qiang mo fa pao pao.zip
城市大金刚,城市大金刚.zip,cheng shi da jin gang.zip
重重危机,重重危机.zip,chong chong wei ji.zip
宠物方块,宠物方块.zip,chong wu fang kuai.zip
锤锤帮,锤锤帮.zip,chui chui bang.zip
大家来找碴,大家来找碴.zip,da jia lai zhao cha.zip
大力扣杀2,大力扣杀2.zip,da li kou sha 2.zip
大力扣杀,大力扣杀.zip,da li kou sha.zip
大眼蛙 一起来玩吧,大眼蛙 一起来玩吧.zip,da yan wa yi qi lai wan ba.zip
打砖块回归,打砖块回归.zip,da zhuan kuai hui gui.zip
得点王1,得点王1.zip,de dian wang 1.zip
得点王2,得点王2.zip,de dian wang 2.zip
得点王3,得点王3.zip,de dian wang 3.zip
得点王4,得点王4.zip,de dian wang 4.zip
电车 GO! 2 高速编,电车 GO! 2 高速编.zip,dian che GO! 2 gao su bian.zip
电车 GO,电车 GO.zip,dian che GO.zip
点球大战V2,点球大战V2.zip,dian qiu da zhan V2.zip
叮当猫大冒险,叮当猫大冒险.zip,ding dang mao da mao xian.zip
冬季11项竞技,冬季11项竞技.zip,dong ji 11 xiang jing ji.zip
动作好莱坞,动作好莱坞.zip,dong zuo hao lai wu.zip
豆豆君大冒险,豆豆君大冒险.zip,dou dou jun da mao xian.zip
嘟!先生,嘟!先生.zip,du ! xian sheng.zip
赌马大亨,赌马大亨.zip,du ma da heng.zip
盾牌大战,盾牌大战.zip,dun pai da zhan.zip
俄罗斯方块+ 2,俄罗斯方块+ 2.zip,e luo si fang kuai + 2.zip
俄罗斯方块+,俄罗斯方块+.zip,e luo si fang kuai +.zip
俄罗斯方块 - 黑洞,俄罗斯方块 - 黑洞.zip,e luo si fang kuai - hei dong.zip
俄罗斯方块大师 2,俄罗斯方块大师 2.zip,e luo si fang kuai da shi 2.zip
俄罗斯方块,俄罗斯方块.zip,e luo si fang kuai.zip
飞拳小子,飞拳小子.zip,fei quan xiao zi.zip
飞头小子,飞头小子.zip,fei tou xiao zi.zip
疯狂弹珠,疯狂弹珠.zip,feng kuang dan zhu.zip
疯狂爬梯者 2,疯狂爬梯者 2.zip,feng kuang pa ti zhe 2.zip
橄榄球英雄,橄榄球英雄.zip,gan lan qiu ying xiong.zip
干酪追逐,干酪追逐.zip,gan lao zhui zhu.zip
干支物语,干支物语.zip,gan zhi wu yu.zip
管它,管它.zip,guan ta.zip
光速飞跃车,光速飞跃车.zip,guang su fei yue che.zip
鬼精灵投球手,鬼精灵投球手.zip,gui jing ling tou qiu shou.zip
海洋巴斯鲈钓,海洋巴斯鲈钓.zip,hai yang ba si lu diao.zip
合金救助者,合金救助者.zip,he jin jiu zhu zhe.zip
黑暗之塔,黑暗之塔.zip,hei an zhi ta.zip
花式桌球,花式桌球.zip,hua shi zhuo qiu.zip
滑翔飞行,滑翔飞行.zip,hua xiang fei xing.zip
欢乐六合一,欢乐六合一.zip,huan le liu he yi.zip
黄金开球 2000,黄金开球 2000.zip,huang jin kai qiu 2000.zip
黄金开球 3D,黄金开球 3D.zip,huang jin kai qiu 3D.zip
黄金开球经典版,黄金开球经典版.zip,huang jin kai qiu jing dian ban.zip
绘本国大冒险,绘本国大冒险.zip,hui ben guo da mao xian.zip
火爆群龙 - 守门大对决,火爆群龙 - 守门大对决.zip,huo bao qun long - shou men da dui jue.zip
机皇杯98,机皇杯98.zip,ji huang bei 98.zip
机器人足球大赛,机器人足球大赛.zip,ji qi ren zu qiu da sai.zip
急速跳跳乐,急速跳跳乐.zip,ji su tiao tiao le.zip
极限滑雪板,极限滑雪板.zip,ji xian hua xue ban.zip
建造师,建造师.zip,jian zao shi.zip
解谜！虫姬玉,解谜！虫姬玉.zip,jie mi ！ chong ji yu.zip
街头大灌篮,街头大灌篮.zip,jie tou da guan lan.zip
街头篮球 96,街头篮球 96.zip,jie tou lan qiu 96.zip
街头篮球,街头篮球.zip,jie tou lan qiu.zip
进了！进了！进了！,进了！进了！进了！.zip,jin le ！ jin le ！ jin le ！.zip
卡琳魔宝,卡琳魔宝.zip,ka lin mo bao.zip
卡普空世界2,卡普空世界2.zip,ka pu kong shi jie 2.zip
卡普空运动俱乐部,卡普空运动俱乐部.zip,ka pu kong yun dong ju le bu.zip
开心射门-5对5迷你足球,开心射门-5对5迷你足球.zip,kai xin she men -5 dui 5 mi ni zu qiu.zip
科乐美运动会84,科乐美运动会84.zip,ke le mei yun dong hui 84.zip
科乐美运动会88,科乐美运动会88.zip,ke le mei yun dong hui 88.zip
狼人王,狼人王.zip,lang ren wang.zip
老鼠射击 GoGo,老鼠射击 GoGo.zip,lao shu she ji GoGo.zip
乐乐小子,乐乐小子.zip,le le xiao zi.zip
力量斗球,力量斗球.zip,li liang dou qiu.zip
立体方块,立体方块.zip,li ti fang kuai.zip
立体空间方块,立体空间方块.zip,li ti kong jian fang kuai.zip
铃铛王子,铃铛王子.zip,ling dang wang zi.zip
琉球,琉球.zip,liu qiu.zip
龙之谜题,龙之谜题.zip,long zhi mi ti.zip
孪球,孪球.zip,luan qiu.zip
逻辑 PRO,逻辑 PRO.zip,luo ji PRO.zip
骆驼珠,骆驼珠.zip,luo tuo zhu.zip
梦想足球'94,梦想足球'94.zip,meng xiang zu qiu '94.zip
魔法宝石,魔法宝石.zip,mo fa bao shi.zip
魔法方块,魔法方块.zip,mo fa fang kuai.zip
魔法公主,魔法公主.zip,mo fa gong zhu.zip
魔法气泡3,魔法气泡3.zip,mo fa qi pao 3.zip
魔法气泡海中对战,魔法气泡海中对战.zip,mo fa qi pao hai zhong dui zhan.zip
魔法气泡,魔法气泡.zip,mo fa qi pao.zip
魔幻星座,魔幻星座.zip,mo huan xing zuo.zip
脑力震荡2,脑力震荡2.zip,nao li zhen dang 2.zip
牌砦 II 复仇外传,牌砦 II 复仇外传.zip,pai zhai II fu chou wai zhuan.zip
泡泡龙1,泡泡龙1.zip,pao pao long 1.zip
泡泡龙2,泡泡龙2.zip,pao pao long 2.zip
泡泡龙3,泡泡龙3.zip,pao pao long 3.zip
泡泡龙4,泡泡龙4.zip,pao pao long 4.zip
泡泡龙,泡泡龙.zip,pao pao long.zip
泡泡鱼2,泡泡鱼2.zip,pao pao yu 2.zip
碰碰球大战,碰碰球大战.zip,peng peng qiu da zhan.zip
皮皮和比比 电梯作战,皮皮和比比 电梯作战.zip,pi pi he bi bi dian ti zuo zhan.zip
破纪录者,破纪录者.zip,po ji lu zhe.zip
浦吉克拉-宝石王国的世界,浦吉克拉-宝石王国的世界.zip,pu ji ke la - bao shi wang guo de shi jie.zip
噗哟噗哟2,噗哟噗哟2.zip,pu yo pu yo 2.zip
噗哟噗哟,噗哟噗哟.zip,pu yo pu yo.zip
企鹅兄弟,企鹅兄弟.zip,qi e xiong di.zip
气球兄弟,气球兄弟.zip,qi qiu xiong di.zip
曲吉鼠解谜1,曲吉鼠解谜1.zip,qu ji shu jie mi 1.zip
曲吉鼠解谜2,曲吉鼠解谜2.zip,qu ji shu jie mi 2.zip
曲吉鼠解谜3,曲吉鼠解谜3.zip,qu ji shu jie mi 3.zip
雀国志：霸王的采牌,雀国志：霸王的采牌.zip,que guo zhi ： ba wang de cai pai.zip
热血高校躲避球,热血高校躲避球.zip,re xue gao xiao duo bi qiu.zip
赛马大亨2,赛马大亨2.zip,sai ma da heng 2.zip
赛马大亨,赛马大亨.zip,sai ma da heng.zip
三个奇迹,三个奇迹.zip,san ge qi ji.zip
三刻志,三刻志.zip,san ke zhi.zip
上海3,上海3.zip,shang hai 3.zip
世嘉俄罗斯方块,世嘉俄罗斯方块.zip,shi jia e luo si fang kuai.zip
世界级保龄球DX,世界级保龄球DX.zip,shi jie ji bao ling qiu DX.zip
石头球,石头球.zip,shi tou qiu.zip
搜寻之眼 2,搜寻之眼 2.zip,sou xun zhi yan 2.zip
搜寻之眼,搜寻之眼.zip,sou xun zhi yan.zip
太东力量足球,太东力量足球.zip,tai dong li liang zu qiu.zip
探求不可思议的误差,探求不可思议的误差.zip,tan qiu bu ke si yi de wu cha.zip
淘金者1,淘金者1.zip,tao jin zhe 1.zip
淘金者2 帝国逆袭,淘金者2 帝国逆袭.zip,tao jin zhe 2 di guo ni xi.zip
淘金者3 黄金迷宫,淘金者3 黄金迷宫.zip,tao jin zhe 3 huang jin mi gong.zip
淘金者4 帝国脱出,淘金者4 帝国脱出.zip,tao jin zhe 4 di guo tuo chu.zip
淘金者5 挖掘战斗,淘金者5 挖掘战斗.zip,tao jin zhe 5 wa jue zhan dou.zip
特库摩世界足球赛96,特库摩世界足球赛96.zip,te ku mo shi jie zu qiu sai 96.zip
天蚕变,天蚕变.zip,tian can bian.zip
田径运动会,田径运动会.zip,tian jing yun dong hui.zip
跳跳球 - 动物方块,跳跳球 - 动物方块.zip,tiao tiao qiu - dong wu fang kuai.zip
兔与龟,兔与龟.zip,tu yu gui.zip
鸵鸟骑士,鸵鸟骑士.zip,tuo niao qi shi.zip
托托归来,托托归来.zip,tuo tuo gui lai.zip
脱线行大运,脱线行大运.zip,tuo xian xing da yun.zip
维兹超人,维兹超人.zip,wei zi chao ren.zip
问答殿祥之野望2,问答殿祥之野望2.zip,wen da dian xiang zhi ye wang 2.zip
午夜噩梦,午夜噩梦.zip,wu ye e meng.zip
吸尘器小子2001,吸尘器小子2001.zip,xi chen qi xiao zi 2001.zip
吸尘器小子,吸尘器小子.zip,xi chen qi xiao zi.zip
咸蛋超人俱乐部,咸蛋超人俱乐部.zip,xian dan chao ren ju le bu.zip
仙境故事,仙境故事.zip,xian jing gu shi.zip
仙人掌兄弟,仙人掌兄弟.zip,xian ren zhang xiong di.zip
小鸡益智方块,小鸡益智方块.zip,xiao ji yi zhi fang kuai.zip
新热血高校躲避球,新热血高校躲避球.zip,xin re xue gao xiao duo bi qiu.zip
心愿猫咪对战,心愿猫咪对战.zip,xin yuan mao mi dui zhan.zip
新炸弹人,新炸弹人.zip,xin zha dan ren.zip
星星大战,星星大战.zip,xing xing da zhan.zip
徐徐大作战,徐徐大作战.zip,xu xu da zuo zhan.zip
雪板锦标赛,雪板锦标赛.zip,xue ban jin biao sai.zip
雪人兄弟1,雪人兄弟1.zip,xue ren xiong di 1.zip
雪人兄弟2,雪人兄弟2.zip,xue ren xiong di 2.zip
雪人兄弟3,雪人兄弟3.zip,xue ren xiong di 3.zip
夜盗 X,夜盗 X.zip,ye dao X.zip
野外飞盘,野外飞盘.zip,ye wai fei pan.zip
意大利足球赛 1997,意大利足球赛 1997.zip,yi da li zu qiu sai 1997.zip
益智保龄球,益智保龄球.zip,yi zhi bao ling qiu.zip
益智迷你游戏 加强版,益智迷你游戏 加强版.zip,yi zhi mi ni you xi jia qiang ban.zip
益智迷你游戏,益智迷你游戏.zip,yi zhi mi ni you xi.zip
英雄物语,英雄物语.zip,ying xiong wu yu.zip
炸弹人方块,炸弹人方块.zip,zha dan ren fang kuai.zip
炸弹人机皇版,炸弹人机皇版.zip,zha dan ren ji huang ban.zip
炸弹人,炸弹人.zip,zha dan ren.zip
炸弹小子,炸弹小子.zip,zha dan xiao zi.zip
战斗原始人 归来,战斗原始人 归来.zip,zhan dou yuan shi ren gui lai.zip
战旗船长,战旗船长.zip,zhan qi chuan zhang.zip
真实乒乓球,真实乒乓球.zip,zhen shi ping pang qiu.zip
智力循环2,智力循环2.zip,zhi li xun huan 2.zip
中国龙2,中国龙2.zip,zhong guo long 2.zip
中国龙 2001,中国龙 2001.zip,zhong guo long 2001.zip
中国龙3,中国龙3.zip,zhong guo long 3.zip
终极打气球,终极打气球.zip,zhong ji da qi qiu.zip
终极电流急急棒,终极电流急急棒.zip,zhong ji dian liu ji ji bang.zip
终极网球,终极网球.zip,zhong ji wang qiu.zip
重力抽杀,重力抽杀.zip,zhong li chou sha.zip
抓到了！,抓到了！.zip,zhua dao le ！.zip
足球盛况2,足球盛况2.zip,zu qiu sheng kuang 2.zip
卒业证书,卒业证书.zip,zu ye zheng shu.zip
罪恶之街,罪恶之街.zip,zui e zhi jie.zip
尊尊教的野望,尊尊教的野望.zip,zun zun jiao de ye wang.zip
