1000英里大师赛车2,1000英里大师赛车2.zip,1000 ying li da shi sai che 2.zip
1000 英里大师赛车,1000 英里大师赛车.zip,1000 ying li da shi sai che.zip
F-1大奖赛之星2,F-1大奖赛之星2.zip,F-1 da jiang sai zhi xing 2.zip
F-1大奖赛之星,F-1大奖赛之星.zip,F-1 da jiang sai zhi xing.zip
F1 巡回赛,F1 巡回赛.zip,F1 xun hui sai.zip
Neo拉力赛车,Neo拉力赛车.zip,Neo la li sai che.zip
飙风拉力,飙风拉力.zip,biao feng la li.zip
飙风追逐,飙风追逐.zip,biao feng zhui zhu.zip
布鲁比拉力赛车,布鲁比拉力赛车.zip,bu lu bi la li sai che.zip
超级摩托车大赛,超级摩托车大赛.zip,chao ji mo tuo che da sai.zip
冲刺野郎,冲刺野郎.zip,chong ci ye lang.zip
冲撞赛车,冲撞赛车.zip,chong zhuang sai che.zip
大追捕 - 罪恶终结者,大追捕 - 罪恶终结者.zip,da zhui bu - zui e zhong jie zhe.zip
道路风暴2011,道路风暴2011.zip,dao lu feng bao 2011.zip
道路风暴,道路风暴.zip,dao lu feng bao.zip
地面效应,地面效应.zip,di mian xiao ying.zip
动力甩尾,动力甩尾.zip,dong li shuai wei.zip
恶土,恶土.zip,e tu.zip
飞空骑警,飞空骑警.zip,fei kong qi jing.zip
飞越巅峰,飞越巅峰.zip,fei yue dian feng.zip
风速英雄,风速英雄.zip,feng su ying xiong.zip
公路热击,公路热击.zip,gong lu re ji.zip
环球世界,环球世界.zip,huan qiu shi jie.zip
环游世界大赛车,环游世界大赛车.zip,huan you shi jie da sai che.zip
环游世界极速版,环游世界极速版.zip,huan you shi jie ji su ban.zip
极速狂飙,极速狂飙.zip,ji su kuang biao.zip
极速马力,极速马力.zip,ji su ma li.zip
极速英豪,极速英豪.zip,ji su ying hao.zip
假面骑士俱乐部,假面骑士俱乐部.zip,jia mian qi shi ju le bu.zip
警车热击,警车热击.zip,jing che re ji.zip
竞速英雄,竞速英雄.zip,jing su ying xiong.zip
快车道,快车道.zip,kuai che dao.zip
狂野环绕赛车,狂野环绕赛车.zip,kuang ye huan rao sai che.zip
勒芒24小时,勒芒24小时.zip,lei mang 24 xiao shi.zip
铃鹿8小时 2,铃鹿8小时 2.zip,ling lu 8 xiao shi 2.zip
铃鹿8小时,铃鹿8小时.zip,ling lu 8 xiao shi.zip
摩托车大赛精简版,摩托车大赛精简版.zip,mo tuo che da sai jing jian ban.zip
气流,气流.zip,qi liu.zip
赛车迷宫,赛车迷宫.zip,sai che mi gong.zip
世嘉摩托车大赛,世嘉摩托车大赛.zip,shi jia mo tuo che da sai.zip
世嘉越野机车赛,世嘉越野机车赛.zip,shi jia yue ye ji che sai.zip
世界拉力赛 2-双倍马力,世界拉力赛 2-双倍马力.zip,shi jie la li sai 2- shuang bei ma li.zip
世界拉力赛,世界拉力赛.zip,shi jie la li sai.zip
抬头向前衝,抬头向前衝.zip,tai tou xiang qian chong.zip
投弹手的进击,投弹手的进击.zip,tou dan shou de jin ji.zip
午夜道路赛车2,午夜道路赛车2.zip,wu ye dao lu sai che 2.zip
野外大赛车,野外大赛车.zip,ye wai da sai che.zip
一级方程式 GP 大赛 2,一级方程式 GP 大赛 2.zip,yi ji fang cheng shi GP da sai 2.zip
一级方程式 GP 大赛,一级方程式 GP 大赛.zip,yi ji fang cheng shi GP da sai.zip
一级方程式超级争霸战,一级方程式超级争霸战.zip,yi ji fang cheng shi chao ji zheng ba zhan.zip
一级方程式赛车,一级方程式赛车.zip,yi ji fang cheng shi sai che.zip
银狐 - 方程式赛车,银狐 - 方程式赛车.zip,yin hu - fang cheng shi sai che.zip
音速小子欢乐警车,音速小子欢乐警车.zip,yin su xiao zi huan le jing che.zip
越野房车大赛,越野房车大赛.zip,yue ye fang che da sai.zip
越野机车,越野机车.zip,yue ye ji che.zip
越野赛车94,越野赛车94.zip,yue ye sai che 94.zip
越野赛车,越野赛车.zip,yue ye sai che.zip
越野沙滩车,越野沙滩车.zip,yue ye sha tan che.zip
追踪HQ,追踪HQ.zip,zhui zong HQ.zip
最高时速,最高时速.zip,zui gao shi su.zip
最后一公里,最后一公里.zip,zui hou yi gong li.zip
