S.P.Y特别计划,S.P.Y特别计划.zip,S.P.Y te bie ji hua.zip
SD高达三国志彩虹大陆战记,SD高达三国志彩虹大陆战记.zip,SD gao da san guo zhi cai hong da lu zhan ji.zip
爱丽丝冒险世界,爱丽丝冒险世界.zip,ai li si mao xian shi jie.zip
奥特曼赛车,奥特曼赛车.zip,ao te man sai che.zip
爆裂激战,爆裂激战.zip,bao lie ji zhan.zip
爆破公爵,爆破公爵.zip,bao po gong jue.zip
cchip,cchip.zip,cchip.zip
超强火力,超强火力.zip,chao qiang huo li.zip
大地枪声,大地枪声.zip,da di qiang sheng.zip
大魔界村,大魔界村.zip,da mo jie cun.zip
地球防卫军,地球防卫军.zip,di qiu fang wei jun.zip
地狱小和尚,地狱小和尚.zip,di yu xiao he shang.zip
电视斗士,电视斗士.zip,dian shi dou shi.zip
电梯大战2 归来,电梯大战2 归来.zip,dian ti da zhan 2 gui lai.zip
电梯大战,电梯大战.zip,dian ti da zhan.zip
鳄鱼猎人,鳄鱼猎人.zip,e yu lie ren.zip
疯狂枪手,疯狂枪手.zip,feng kuang qiang shou.zip
疯狂坦克 2,疯狂坦克 2.zip,feng kuang tan ke 2.zip
疯狂战争,疯狂战争.zip,feng kuang zhan zheng.zip
复仇精灵,复仇精灵.zip,fu chou jing ling.zip
钢炮部队1,钢炮部队1.zip,gang pao bu dui 1.zip
钢炮部队2,钢炮部队2.zip,gang pao bu dui 2.zip
钢铁力量,钢铁力量.zip,gang tie li liang.zip
钢铁要塞,钢铁要塞.zip,gang tie yao sai.zip
滚雷行动1,滚雷行动1.zip,gun lei xing dong 1.zip
滚雷行动2,滚雷行动2.zip,gun lei xing dong 2.zip
海盗,海盗.zip,hai dao.zip
海底大战争,海底大战争.zip,hai di da zhan zheng.zip
合金弹头1,合金弹头1.zip,he jin dan tou 1.zip
合金弹头2,合金弹头2.zip,he jin dan tou 2.zip
合金弹头3,合金弹头3.zip,he jin dan tou 3.zip
合金弹头4,合金弹头4.zip,he jin dan tou 4.zip
合金弹头5,合金弹头5.zip,he jin dan tou 5.zip
合金弹头6(3代hack),合金弹头6(3代hack).zip,he jin dan tou 6(3 dai hack).zip
合金弹头X,合金弹头X.zip,he jin dan tou X.zip
黑珍珠部队,黑珍珠部队.zip,hei zhen zhu bu dui.zip
糊涂忍者,糊涂忍者.zip,hu tu ren zhe.zip
机动战士SD高达,机动战士SD高达.zip,ji dong zhan shi SD gao da.zip
缉毒特警,缉毒特警.zip,ji du te jing.zip
极光,极光.zip,ji guang.zip
机器人奥斯卡,机器人奥斯卡.zip,ji qi ren ao si ka.zip
机械战警1,机械战警1.zip,ji xie zhan jing 1.zip
机械战警2,机械战警2.zip,ji xie zhan jing 2.zip
艰难时世,艰难时世.zip,jian nan shi shi.zip
九头蛇,九头蛇.zip,jiu tou she.zip
决战时刻,决战时刻.zip,jue zhan shi ke.zip
空中救援,空中救援.zip,kong zhong jiu yuan.zip
狂热印第安,狂热印第安.zip,kuang re yin di an.zip
兰博3,兰博3.zip,lan bo 3.zip
雷狐行动,雷狐行动.zip,lei hu xing dong.zip
雷霆地带,雷霆地带.zip,lei ting di dai.zip
雷霆箍,雷霆箍.zip,lei ting gu.zip
雷轧斗,雷轧斗.zip,lei ya dou.zip
猎鲨行动,猎鲨行动.zip,lie sha xing dong.zip
落日骑士,落日骑士.zip,luo ri qi shi.zip
梦幻冒险,梦幻冒险.zip,meng huan mao xian.zip
蒙美萨的牛仔们,蒙美萨的牛仔们.zip,meng mei sa de niu zai men.zip
迷宫任务,迷宫任务.zip,mi gong ren wu.zip
末路战士,末路战士.zip,mo lu zhan shi.zip
魔兽王国,魔兽王国.zip,mo shou wang guo.zip
魔域战线,魔域战线.zip,mo yu zhan xian.zip
怒之忍者,怒之忍者.zip,nu zhi ren zhe.zip
霹雳大白鲨,霹雳大白鲨.zip,pi li da bai sha.zip
霹雳双警,霹雳双警.zip,pi li shuang jing.zip
奇袭 星战大怒吼,奇袭 星战大怒吼.zip,qi xi xing zhan da nu hou.zip
枪火大师,枪火大师.zip,qiang huo da shi.zip
燃烧之魂,燃烧之魂.zip,ran shao zhi hun.zip
忍者小子2,忍者小子2.zip,ren zhe xiao zi 2.zip
忍者指令,忍者指令.zip,ren zhe zhi ling.zip
赛博坦克,赛博坦克.zip,sai bo tan ke.zip
杀出机械城,杀出机械城.zip,sha chu ji xie cheng.zip
闪电人,闪电人.zip,shan dian ren.zip
神秘特工,神秘特工.zip,shen mi te gong.zip
深渊,深渊.zip,shen yuan.zip
生化玩具兵,生化玩具兵.zip,sheng hua wan ju bing.zip
圣铠传说 2,圣铠传说 2.zip,sheng kai chuan shuo 2.zip
圣铠传说,圣铠传说.zip,sheng kai chuan shuo.zip
世纪特警,世纪特警.zip,shi ji te jing.zip
时空英雄,时空英雄.zip,shi kong ying xiong.zip
失落的世界,失落的世界.zip,shi luo de shi jie.zip
死亡边缘,死亡边缘.zip,si wang bian yuan.zip
太空哈利,太空哈利.zip,tai kong ha li.zip
坦克大战,坦克大战.zip,tan ke da zhan.zip
汤玛魔界历险,汤玛魔界历险.zip,tang ma mo jie li xian.zip
特别刑事调查,特别刑事调查.zip,te bie xing shi diao cha.zip
突击奇兵1,突击奇兵1.zip,tu ji qi bing 1.zip
突击奇兵2,突击奇兵2.zip,tu ji qi bing 2.zip
钍行者,钍行者.zip,tu xing zhe.zip
未来忍者,未来忍者.zip,wei lai ren zhe.zip
威洛之旅,威洛之旅.zip,wei luo zhi lv.zip
卧龙列传,卧龙列传.zip,wo long lie zhuan.zip
卧马藏龙,卧马藏龙.zip,wo ma cang long.zip
午夜出击,午夜出击.zip,wu ye chu ji.zip
午夜抵抗,午夜抵抗.zip,wu ye di kang.zip
希魔复活,希魔复活.zip,xi mo fu huo.zip
星球战士,星球战士.zip,xing qiu zhan shi.zip
眼镜蛇特种部队,眼镜蛇特种部队.zip,yan jing she te zhong bu dui.zip
异形防区,异形防区.zip,yi xing fang qu.zip
异形特工队,异形特工队.zip,yi xing te gong dui.zip
异形,异形.zip,yi xing.zip
异域战狐,异域战狐.zip,yi yu zhan hu.zip
银行惊魂,银行惊魂.zip,yin hang jing hun.zip
鹦鹉历险记,鹦鹉历险记.zip,ying wu li xian ji.zip
影舞者,影舞者.zip,ying wu zhe.zip
影子传说,影子传说.zip,ying zi chuan shuo.zip
ym2608,ym2608.zip,ym2608.zip
勇士们 血兄弟,勇士们 血兄弟.zip,yong shi men xue xiong di.zip
勇士们,勇士们.zip,yong shi men.zip
原子机器人,原子机器人.zip,yuan zi ji qi ren.zip
越狱 - 曼哈顿 24 分署,越狱 - 曼哈顿 24 分署.zip,yue yu - man ha dun 24 fen shu.zip
越战1975,越战1975.zip,yue zhan 1975.zip
战斗边缘,战斗边缘.zip,zhan dou bian yuan.zip
战斗机器,战斗机器.zip,zhan dou ji qi.zip
战斗快艇,战斗快艇.zip,zhan dou kuai ting.zip
战斗学校,战斗学校.zip,zhan dou xue xiao.zip
战斗原始人,战斗原始人.zip,zhan dou yuan shi ren.zip
罪恶都市,罪恶都市.zip,zui e du shi.zip
最后的幸存者,最后的幸存者.zip,zui hou de xing cun zhe.zip
