1941 反击战,1941 反击战.zip,1941 fan ji zhan.zip
1942,1942.zip,1942.zip
1943改,1943改.zip,1943 gai.zip
1943-中途岛海战 Mark II,1943-中途岛海战 Mark II.zip,1943- zhong tu dao hai zhan Mark II.zip
1943-中途岛海战,1943-中途岛海战.zip,1943- zhong tu dao hai zhan.zip
19XX 命运否决战,19XX 命运否决战.zip,19XX ming yun fou jue zhan.zip
8号火力,8号火力.zip,8 hao huo li.zip
SD高达-新的战斗,SD高达-新的战斗.zip,SD gao da - xin de zhan dou.zip
SS任务特命编,SS任务特命编.zip,SS ren wu te ming bian.zip
UFO 变形战机,UFO 变形战机.zip,UFO bian xing zhan ji.zip
V5战机,V5战机.zip,V5 zhan ji.zip
阿古斯,阿古斯.zip,a gu si.zip
阿卡迪亚战机,阿卡迪亚战机.zip,a ka di ya zhan ji.zip
阿修罗风暴,阿修罗风暴.zip,a xiu luo feng bao.zip
安卓行动,安卓行动.zip,an zhuo xing dong.zip
aso,aso.zip,aso.zip
百慕大魔鬼三角,百慕大魔鬼三角.zip,bai mu da mo gui san jiao.zip
爆裂战机,爆裂战机.zip,bao lie zhan ji.zip
蝙蝠骑警,蝙蝠骑警.zip,bian fu qi jing.zip
长空超少年,长空超少年.zip,chang kong chao shao nian.zip
长空超翼神1,长空超翼神1.zip,chang kong chao yi shen 1.zip
长空超翼神2,长空超翼神2.zip,chang kong chao yi shen 2.zip
超电磁炮,超电磁炮.zip,chao dian ci pao.zip
超级空军,超级空军.zip,chao ji kong jun.zip
超级太空侵略者,超级太空侵略者.zip,chao ji tai kong qin lve zhe.zip
超级战机,超级战机.zip,chao ji zhan ji.zip
超时空要塞1,超时空要塞1.zip,chao shi kong yao sai 1.zip
超时空要塞 Plus,超时空要塞 Plus.zip,chao shi kong yao sai Plus.zip
超时迷宫,超时迷宫.zip,chao shi mi gong.zip
超真实达尔文战机,超真实达尔文战机.zip,chao zhen shi da er wen zhan ji.zip
虫姬1,虫姬1.7z,chong ji 1.7z
虫姬2 1.5版,虫姬2 1.5版.zip,chong ji 2 1.5 ban.zip
虫姬2黑版,虫姬2黑版.zip,chong ji 2 hei ban.zip
出击兵蜂,出击兵蜂.zip,chu ji bing feng.zip
打击者1945 1,打击者1945 1.zip,da ji zhe 1945 1.zip
打击者1945 2,打击者1945 2.zip,da ji zhe 1945 2.zip
打击者1945 3改,打击者1945 3改.zip,da ji zhe 1945 3 gai.zip
打击者1945 3,打击者1945 3.zip,da ji zhe 1945 3.zip
打击者1945加强版,打击者1945加强版.zip,da ji zhe 1945 jia qiang ban.zip
大蜜蜂88,大蜜蜂88.zip,da mi feng 88.zip
大蜜蜂加强版,大蜜蜂加强版.zip,da mi feng jia qiang ban.zip
达人王1,达人王1.zip,da ren wang 1.zip
达人王2,达人王2.zip,da ren wang 2.zip
大旋风,大旋风.zip,da xuan feng.zip
大王,大王.zip,dai wang.zip
弹铳,弹铳.zip,dan chong.zip
ddp3,ddp3.zip,ddp3.zip
ddpdojp,ddpdojp.zip,ddpdojp.zip
电子作战,电子作战.zip,dian zi zuo zhan.zip
毒蛇任务,毒蛇任务.zip,du she ren wu.zip
发射,发射.zip,fa she.zip
飞虎队,飞虎队.zip,fei hu dui.zip
飞鸟&飞鸟,飞鸟&飞鸟.zip,fei niao & fei niao.zip
飞翔鲛,飞翔鲛.zip,fei xiang jiao.zip
飞翼力量,飞翼力量.zip,fei yi li liang.zip
疯狂枪支,疯狂枪支.zip,feng kuang qiang zhi.zip
风云战机,风云战机.zip,feng yun zhan ji.zip
钢铁任务,钢铁任务.zip,gang tie ren wu.zip
高米达斯星战,高米达斯星战.zip,gao mi da si xing zhan.zip
孤独的灵魂,孤独的灵魂.zip,gu du de ling hun.zip
国联防卫军,国联防卫军.zip,guo lian fang wei jun.zip
哈雷彗星,哈雷彗星.zip,ha lei hui xing.zip
海湾风暴,海湾风暴.zip,hai wan feng bao.zip
海湾战争2,海湾战争2.zip,hai wan zhan zheng 2.zip
红鹰,红鹰.zip,hong ying.zip
轰炸传说,轰炸传说.zip,hong zha chuan shuo.zip
轰炸东京,轰炸东京.zip,hong zha dong jing.zip
火爆战机,火爆战机.zip,huo bao zhan ji.zip
疾风魔法大作战1,疾风魔法大作战1.zip,ji feng mo fa da zuo zhan 1.zip
疾风魔法大作战2 超级魔法大作战,疾风魔法大作战2 超级魔法大作战.zip,ji feng mo fa da zuo zhan 2 chao ji mo fa da zuo zhan.zip
机甲飞龙,机甲飞龙.zip,ji jia fei long.zip
鲛!鲛!鲛!,鲛!鲛!鲛!.zip,jiao ! jiao ! jiao !.zip
劲弩战机,劲弩战机.zip,jin nu zhan ji.zip
究极虎1,究极虎1.zip,jiu ji hu 1.zip
究极虎2,究极虎2.zip,jiu ji hu 2.zip
决意：绊地狱,决意：绊地狱.zip,jue yi ： ban di yu.zip
空刃,空刃.zip,kong ren.zip
空袭,空袭.zip,kong xi.zip
空牙外传,空牙外传.zip,kong ya wai zhuan.zip
空牙,空牙.zip,kong ya.zip
空战 冥王计划,空战 冥王计划.zip,kong zhan ming wang ji hua.zip
空战双鹰,空战双鹰.zip,kong zhan shuang ying.zip
空战之路：雷神传,空战之路：雷神传.zip,kong zhan zhi lu ： lei shen chuan.zip
空战之路：1945II,空战之路：1945II.zip,kong zhan zhi lu ：1945II.zip
空战之路,空战之路.zip,kong zhan zhi lu.zip
空中打击,空中打击.zip,kong zhong da ji.zip
狂鲛战机,狂鲛战机.zip,kuang jiao zhan ji.zip
雷电1,雷电1.zip,lei dian 1.zip
雷电2,雷电2.zip,lei dian 2.zip
雷电DX,雷电DX.zip,lei dian DX.zip
雷电战机1,雷电战机1.zip,lei dian zhan ji 1.zip
雷电战机2,雷电战机2.zip,lei dian zhan ji 2.zip
雷电战机喷射版,雷电战机喷射版.zip,lei dian zhan ji pen she ban.zip
雷龙1,雷龙1.zip,lei long 1.zip
雷龙2,雷龙2.zip,lei long 2.zip
雷刃,雷刃.zip,lei ren.zip
雷射战机,雷射战机.zip,lei she zhan ji.zip
雷霆旋风,雷霆旋风.zip,lei ting xuan feng.zip
雷霆之翼G2020,雷霆之翼G2020.zip,lei ting zhi yi G2020.zip
龙魂2,龙魂2.zip,long hun 2.zip
龙魂,龙魂.zip,long hun.zip
龙神,龙神.zip,long shen.zip
龙之光辉,龙之光辉.zip,long zhi guang hui.zip
梦幻战机,梦幻战机.zip,meng huan zhan ji.zip
魔法大作战,魔法大作战.zip,mo fa da zuo zhan.zip
neogeo,neogeo.zip,neogeo.zip
逆鳞弹,逆鳞弹.zip,ni lin dan.zip
怒首领蜂1,怒首领蜂1.zip,nu shou ling feng 1.zip
怒首领蜂2 蜂暴 中文版,怒首领蜂2 蜂暴 中文版.zip,nu shou ling feng 2 feng bao zhong wen ban.zip
怒首领蜂2 蜂暴,怒首领蜂2 蜂暴.zip,nu shou ling feng 2 feng bao.zip
怒首领蜂3 大往生,怒首领蜂3 大往生.zip,nu shou ling feng 3 da wang sheng.zip
怒首领蜂4 大复活,怒首领蜂4 大复活.zip,nu shou ling feng 4 da fu huo.zip
怒首领蜂:大复活 黑标,怒首领蜂:大复活 黑标.zip,nu shou ling feng : da fu huo hei biao.zip
欧米加战机,欧米加战机.zip,ou mi jia zhan ji.zip
炮钉,炮钉.zip,pao ding.zip
pgm,pgm.zip,pgm.zip
婆娑罗1,婆娑罗1.zip,po suo luo 1.zip
婆娑罗2,婆娑罗2.zip,po suo luo 2.zip
骑猪少女,骑猪少女.zip,qi zhu shao nv.zip
枪锁,枪锁.zip,qiang suo.zip
枪之国度,枪之国度.zip,qiang zhi guo du.zip
趣味战机,趣味战机.zip,qu wei zhan ji.zip
沙漠之狐,沙漠之狐.zip,sha mo zhi hu.zip
沙漠之蝎,沙漠之蝎.zip,sha mo zhi xie.zip
闪电战机,闪电战机.zip,shan dian zhan ji.zip
闪激,闪激.zip,shan ji.zip
石破天惊,石破天惊.zip,shi po tian jing.zip
守护风暴,守护风暴.zip,shou hu feng bao.zip
首领蜂,首领蜂.zip,shou ling feng.zip
双翼人,双翼人.zip,shuang yi ren.zip
双翼,双翼.zip,shuang yi.zip
双鹰1,双鹰1.zip,shuang ying 1.zip
双鹰2,双鹰2.zip,shuang ying 2.zip
四国战机1,四国战机1.zip,si guo zhan ji 1.zip
太空飞鲨,太空飞鲨.zip,tai kong fei sha.zip
太空轰炸机,太空轰炸机.zip,tai kong hong zha ji.zip
太空侵略者95,太空侵略者95.zip,tai kong qin lve zhe 95.zip
太空侵略者DX,太空侵略者DX.zip,tai kong qin lve zhe DX.zip
太空侵略者 回归,太空侵略者 回归.zip,tai kong qin lve zhe hui gui.zip
天空大冒险,天空大冒险.zip,tian kong da mao xian.zip
天空风暴,天空风暴.zip,tian kong feng bao.zip
天空警报,天空警报.zip,tian kong jing bao.zip
铁锤战机,铁锤战机.zip,tie chui zhan ji.zip
铁甲万能侠Z,铁甲万能侠Z.zip,tie jia wan neng xia Z.zip
铁翼飞龙,铁翼飞龙.zip,tie yi fei long.zip
托佩尔博士的冒险,托佩尔博士的冒险.zip,tuo pei er bo shi de mao xian.zip
外星人趣味射击,外星人趣味射击.zip,wai xing ren qu wei she ji.zip
湾岸战争,湾岸战争.zip,wan an zhan zheng.zip
王牌战斗机,王牌战斗机.zip,wang pai zhan dou ji.zip
威虎战机,威虎战机.zip,wei hu zhan ji.zip
武装编队,武装编队.zip,wu zhuang bian dui.zip
武装飞鸟1,武装飞鸟1.zip,wu zhuang fei niao 1.zip
武装飞鸟2,武装飞鸟2.zip,wu zhuang fei niao 2.zip
x2222,x2222.zip,x2222.zip
咸蛋超人警备队,咸蛋超人警备队.zip,xian dan chao ren jing bei dui.zip
星际争霸战机,星际争霸战机.zip,xing ji zheng ba zhan ji.zip
星球卫士,星球卫士.zip,xing qiu wei shi.zip
星系炮火,星系炮火.zip,xing xi pao huo.zip
星云战机,星云战机.zip,xing yun zhan ji.zip
眩之风暴,眩之风暴.zip,xuan zhi feng bao.zip
鹞鹰战机,鹞鹰战机.zip,yao ying zhan ji.zip
异次元战机,异次元战机.zip,yi ci yuan zhan ji.zip
翼人战士,翼人战士.zip,yi ren zhan shi.zip
银河战机,银河战机.zip,yin he zhan ji.zip
银色千年,银色千年.zip,yin se qian nian.zip
音速轰炸机,音速轰炸机.zip,yin su hong zha ji.zip
鹰击蓝空,鹰击蓝空.zip,ying ji lan kong.zip
游戏天堂-射击大师！,游戏天堂-射击大师！.zip,you xi tian tang - she ji da shi ！.zip
狱门山物语,狱门山物语.zip,yu men shan wu yu.zip
战斗机械,战斗机械.zip,zhan dou ji xie.zip
战斗翔鹰,战斗翔鹰.zip,zhan dou xiang ying.zip
战国ACE,战国ACE.zip,zhan guo ACE.zip
战鹰,战鹰.zip,zhan ying.zip
真急急炮,真急急炮.zip,zhen ji ji pao.zip
致命因子,致命因子.zip,zhi ming yin zi.zip
支配战机,支配战机.zip,zhi pei zhan ji.zip
直升机战斗,直升机战斗.zip,zhi sheng ji zhan dou.zip
重装战机S.T.G,重装战机S.T.G.zip,zhong zhuang zhan ji S.T.G.zip
重子战机,重子战机.zip,zhong zi zhan ji.zip
铸蔷薇 粉红甜心,铸蔷薇 粉红甜心.zip,zhu qiang wei fen hong tian xin.zip
铸蔷薇黑,铸蔷薇黑.zip,zhu qiang wei hei.zip
铸蔷薇,铸蔷薇.zip,zhu qiang wei.zip
捉虫敢死队,捉虫敢死队.zip,zhuo chong gan si dui.zip
最终星际武力,最终星际武力.zip,zui zhong xing ji wu li.zip
