爱的小屋,爱的小屋.zip,ai de xiao wu.zip
兵锋1,兵锋1.zip,bing feng 1.zip
超级马里奥兄弟1 3D版,超级马里奥兄弟1 3D版.zip,chao ji ma li ao xiong di 1 3D ban.zip
超级马里奥兄弟1 Flash版,超级马里奥兄弟1 Flash版.zip,chao ji ma li ao xiong di 1 Flash ban.zip
超级马里奥兄弟1 蘑菇版,超级马里奥兄弟1 蘑菇版.zip,chao ji ma li ao xiong di 1 mo gu ban.zip
超级马里奥兄弟1 纸片版,超级马里奥兄弟1 纸片版.zip,chao ji ma li ao xiong di 1 zhi pian ban.zip
超级马里奥兄弟2 碧姬公主高清版,超级马里奥兄弟2 碧姬公主高清版.zip,chao ji ma li ao xiong di 2 bi ji gong zhu gao qing ban.zip
成龙踢馆,成龙踢馆.zip,cheng long ti guan.zip
吃豆人,吃豆人.zip,chi dou ren.zip
大金刚Jr.,大金刚Jr..zip,da jin gang Jr..zip
大金刚,大金刚.zip,da jin gang.zip
打鸭子,打鸭子.zip,da ya zi.zip
恶魔城1 16BIT,恶魔城1 16BIT.zip,e mo cheng 1 16BIT.zip
恶魔城1 HD,恶魔城1 HD.zip,e mo cheng 1 HD.zip
恶魔城1 MSX,恶魔城1 MSX.zip,e mo cheng 1 MSX.zip
恶魔城3,恶魔城3.zip,e mo cheng 3.zip
魂斗罗1 高清第一关,魂斗罗1 高清第一关.zip,hun dou luo 1 gao qing di yi guan.zip
魂斗罗1 音乐替换,魂斗罗1 音乐替换.zip,hun dou luo 1 yin yue ti huan.zip
警技射击,警技射击.zip,jing ji she ji.zip
洛克人1 16BIT,洛克人1 16BIT.zip,luo ke ren 1 16BIT.zip
洛克人1,洛克人1.zip,luo ke ren 1.zip
马戏团,马戏团.zip,ma xi tuan.zip
梦之勇士,梦之勇士.zip,meng zhi yong shi.zip
敲冰块,敲冰块.zip,qiao bing kuai.zip
忍者龙剑传1,忍者龙剑传1.zip,ren zhe long jian chuan 1.zip
忍者龙剑传2 暗黑邪神剑,忍者龙剑传2 暗黑邪神剑.zip,ren zhe long jian chuan 2 an hei xie shen jian.zip
塞尔达传说1,塞尔达传说1.zip,sai er da chuan shuo 1.zip
坦克大战,坦克大战.zip,tan ke da zhan.zip
唐老鸭大冒险2  黛拉版,唐老鸭大冒险2  黛拉版.zip,tang lao ya da mao xian 2 dai la ban.zip
特救指令,特救指令.zip,te jiu zhi ling.zip
银河战士,银河战士.zip,yin he zhan shi.zip
炸弹人,炸弹人.zip,zha dan ren.zip
