1943.zip,1943.zip
1944.zip,1944.zip
8只眼.zip,8 zhi yan.zip
AV麻将.zip,AV ma jiang.zip
B计划.zip,B ji hua.zip
F1赛车 科乐美版.zip,F1 sai che ke le mei ban.zip
F1赛车.zip,F1 sai che.zip
FC原人.zip,FC yuan ren.zip
JuJu传说.zip,JuJu chuan shuo.zip
Q版沙罗曼蛇.zip,Q ban sha luo man she.zip
SD英雄总决战.zip,SD ying xiong zong jue zhan.zip
阿贝道X.zip,a bei dao X.zip
阿尔戈斯战士.zip,a er ge si zhan shi.zip
阿尔瓦的觉醒.zip,a er wa de jue xing.zip
阿基拉.zip,a ji la.zip
阿拉丁.zip,a la ding.zip
爱的小屋.zip,ai de xiao wu.zip
埃及历险记.zip,ai ji li xian ji.zip
爱战士尼科鲁.zip,ai zhan shi ni ke lu.zip
奥利匹斯之战.zip,ao li pi si zhi zhan.zip
奥特曼俱乐部.zip,ao te man ju le bu.zip
奥运会2.zip,ao yun hui 2.zip
奥运会.zip,ao yun hui.zip
巴塞罗那奥运会92.zip,ba sai luo na ao yun hui 92.zip
巴斯德夫历险记.zip,ba si de fu li xian ji.zip
八位版节奏大陆.zip,ba wei ban jie zou da lu.zip
八位音乐力量最终版.zip,ba wei yin yue li liang zui zhong ban.zip
白烂贱客之逃出商场.zip,bai lan jian ke zhi tao chu shang chang.zip
半熟英雄.zip,ban shu ying xiong.zip
暴坊天狗.zip,bao fang tian gou.zip
爆击战士87.zip,bao ji zhan shi 87.zip
暴力溜冰.zip,bao li liu bing.zip
宝石方块.zip,bao shi fang kuai.zip
北野武之挑战书.zip,bei ye wu zhi tiao zhan shu.zip
笨蛋王子大冒险.zip,ben dan wang zi da mao xian.zip
蝙蝠侠1.zip,bian fu xia 1.zip
蝙蝠侠2-小丑回归.zip,bian fu xia 2- xiao chou hui gui.zip
蝙蝠侠3-蝙蝠侠归来.zip,bian fu xia 3- bian fu xia gui lai.zip
兵蜂1.zip,bing feng 1.zip
兵蜂2.zip,bing feng 2.zip
兵蜂3.zip,bing feng 3.zip
不动明王传.zip,bu dong ming wang chuan.zip
彩虹岛.zip,cai hong dao.zip
长毛狗3.zip,chang mao gou 3.zip
长枪手传奇.zip,chang qiang shou chuan qi.zip
超惑星战记.zip,chao huo xing zhan ji.zip
超级宝宝.zip,chao ji bao bao.zip
超级间谍猎人.zip,chao ji jian die lie ren.zip
超级马里奥1.zip,chao ji ma li ao 1.zip
超级马里奥2 失落的关卡.zip,chao ji ma li ao 2 shi luo de guan qia.zip
超级马里奥2.zip,chao ji ma li ao 2.zip
超级马里奥3.zip,chao ji ma li ao 3.zip
超级马里奥拆屋工.zip,chao ji ma li ao chai wu gong.zip
超级马里奥世界.zip,chao ji ma li ao shi jie.zip
超级马里奥水管工.zip,chao ji ma li ao shui guan gong.zip
超级马里奥无限-豪华版.zip,chao ji ma li ao wu xian - hao hua ban.zip
超级马里奥医生.zip,chao ji ma li ao yi sheng.zip
超级中国人2.zip,chao ji zhong guo ren 2.zip
超级中国人3.zip,chao ji zhong guo ren 3.zip
超时空要塞.zip,chao shi kong yao sai.zip
超越地平线.zip,chao yue di ping xian.zip
惩罚者.zip,cheng fa zhe.zip
成龙踢馆2.zip,cheng long ti guan 2.zip
成龙踢馆.zip,cheng long ti guan.zip
成龙之龙.zip,cheng long zhi long.zip
吃豆小精灵.zip,chi dou xiao jing ling.zip
赤色要塞.zip,chi se yao sai.zip
赤影战士.zip,chi ying zhan shi.zip
川钓太郎.zip,chuan diao tai lang.zip
创世纪4圣者传奇.zip,chuang shi ji 4 sheng zhe chuan qi.zip
磁片之城.zip,ci pian zhi cheng.zip
大盗伍佑卫门2.zip,da dao wu you wei men 2.zip
大盗伍佑卫门.zip,da dao wu you wei men.zip
大混战.zip,da hun zhan.zip
大金刚.zip,da jin gang.zip
打空气1.zip,da kong qi 1.zip
打空气2.zip,da kong qi 2.zip
大力工头阿源君1.zip,da li gong tou a yuan jun 1.zip
大力工头阿源君2.zip,da li gong tou a yuan jun 2.zip
大力水手.zip,da li shui shou.zip
大蜜蜂.zip,da mi feng.zip
大使馆任务.zip,da shi guan ren wu.zip
大坦克.zip,da tan ke.zip
打鸭子.zip,da ya zi.zip
大眼蛙冒险1.zip,da yan wa mao xian 1.zip
大眼蛙冒险2.zip,da yan wa mao xian 2.zip
打砖块.zip,da zhuan kuai.zip
弹珠台.zip,dan zhu tai.zip
刀锋战机.zip,dao feng zhan ji.zip
地道战.zip,di dao zhan.zip
地底大作战.zip,di di da zuo zhan.zip
地底探险1.zip,di di tan xian 1.zip
地底探险2.zip,di di tan xian 2.zip
第二次超级机器人大战.zip,di er ci chao ji ji qi ren da zhan.zip
帝国战机.zip,di guo zhan ji.zip
地狱极乐丸.zip,di yu ji le wan.zip
电击作战.zip,dian ji zuo zhan.zip
跌落地带.zip,die luo di dai.zip
动荡之塔.zip,dong dang zhi ta.zip
东家推落麻将.zip,dong jia tui luo ma jiang.zip
斗者挽歌.zip,dou zhe wan ge.zip
赌神.zip,du shen.zip
哆啦A梦之时空机器大冒险.zip,duo la A meng zhi shi kong ji qi da mao xian.zip
哆啦A梦.zip,duo la A meng.zip
俄罗斯方块1.zip,e luo si fang kuai 1.zip
俄罗斯方块2.zip,e luo si fang kuai 2.zip
恶魔城1.zip,e mo cheng 1.zip
恶魔城2.zip,e mo cheng 2.zip
恶魔城3.zip,e mo cheng 3.zip
恶魔城外传 王子外传.zip,e mo cheng wai zhuan wang zi wai zhuan.zip
恶魔招待状.zip,e mo zhao dai zhuang.zip
鳄鱼先生.zip,e yu xian sheng.zip
伐木工之战.zip,fa mu gong zhi zhan.zip
反重力战士.zip,fan zhong li zhan shi.zip
菲力克斯猫.zip,fei li ke si mao.zip
飞翔鲛.zip,fei xiang jiao.zip
飞行勇士.zip,fei xing yong shi.zip
粉碎坦克.zip,fen sui tan ke.zip
疯狂豪宅.zip,feng kuang hao zhai.zip
封神榜.zip,feng shen bang.zip
腐尸之屋：顽皮的涂鸦.zip,fu shi zhi wu ： wan pi de tu ya.zip
斧王.zip,fu wang.zip
哥斯拉2 怪兽大战.zip,ge si la 2 guai shou da zhan.zip
功夫.zip,gong fu.zip
攻击动物学园.zip,gong ji dong wu xue yuan.zip
公路之星2.zip,gong lu zhi xing 2.zip
公路之星.zip,gong lu zhi xing.zip
工人战记2.zip,gong ren zhan ji 2.zip
工人战记.zip,gong ren zhan ji.zip
古巴英雄.zip,gu ba ying xiong.zip
孤独战士 惑星戒严令.zip,gu du zhan shi huo xing jie yan ling.zip
怪物聚会.zip,guai wu ju hui.zip
怪鸭历险记.zip,guai ya li xian ji.zip
光之神话.zip,guang zhi shen hua.zip
鬼太郎-妖怪大魔境.zip,gui tai lang - yao guai da mo jing.zip
滚雷行动.zip,gun lei xing dong.zip
滚球乐园.zip,gun qiu le yuan.zip
国王骑士.zip,guo wang qi shi.zip
海底两万里.zip,hai di liang wan li.zip
海格力斯的荣光2.zip,hai ge li si de rong guang 2.zip
航空小英雄.zip,hang kong xiao ying xiong.zip
合金装备1.zip,he jin zhuang bei 1.zip
合金装备2.zip,he jin zhuang bei 2.zip
黑白棋.zip,hei bai qi.zip
红白机Jump英雄列传.zip,hong bai ji Jump ying xiong lie zhuan.zip
红白机Jump2最强的七人.zip,hong bai ji Jump2 zui qiang de qi ren.zip
红巾特攻队.zip,hong jin te gong dui.zip
虎胆妙算.zip,hu dan miao suan.zip
虎克船长.zip,hu ke chuan zhang.zip
花式撞球.zip,hua shi zhuang qiu.zip
荒野大镖客.zip,huang ye da biao ke.zip
魂斗罗1.zip,hun dou luo 1.zip
魂斗罗2.zip,hun dou luo 2.zip
魂斗罗3 力量.zip,hun dou luo 3 li liang.zip
魂斗罗7 超级战魂.zip,hun dou luo 7 chao ji zhan hun.zip
混沌世界.zip,hun dun shi jie.zip
火箭车.zip,huo jian che.zip
火箭人.zip,huo jian ren.zip
火炮.zip,huo pao.zip
火焰之纹章 暗黑龙与光之剑.zip,huo yan zhi wen zhang an hei long yu guang zhi jian.zip
火焰之纹章外传.zip,huo yan zhi wen zhang wai zhuan.zip
火之鸟.zip,huo zhi niao.zip
机车大赛.zip,ji che da sai.zip
激斗四驱车.zip,ji dou si qu che.zip
吉米克.zip,ji mi ke.zip
吉姆力量-迷失维度.zip,ji mu li liang - mi shi wei du.zip
机器子战记.zip,ji qi zi zhan ji.zip
机械战警1.zip,ji xie zhan jing 1.zip
机械战警2.zip,ji xie zhan jing 2.zip
机械战警3.zip,ji xie zhan jing 3.zip
嘉蒂外传.zip,jia di wai zhuan.zip
假面忍者赤影.zip,jia mian ren zhe chi ying.zip
假面忍者花丸.zip,jia mian ren zhe hua wan.zip
加纳战机.zip,jia na zhan ji.zip
加其夫天国与地狱.zip,jia qi fu tian guo yu di yu.zip
家庭麻将2上海之道.zip,jia ting ma jiang 2 shang hai zhi dao.zip
家庭拳击.zip,jia ting quan ji.zip
家庭赛马.zip,jia ting sai ma.zip
剑王.zip,jian wang.zip
奖杯.zip,jiang bei.zip
街霸2010.zip,jie ba 2010.zip
解谜大作战.zip,jie mi da zuo zhan.zip
杰森一家.zip,jie sen yi jia.zip
街头格斗小子.zip,jie tou ge dou xiao zi.zip
筋肉人摔角.zip,jin rou ren shuai jiao.zip
金属之光.zip,jin shu zhi guang.zip
荆轲新传.zip,jing ke xin chuan.zip
救火英雄.zip,jiu huo ying xiong.zip
究极虎.zip,jiu ji hu.zip
九人街霸.zip,jiu ren jie ba.zip
卡林之剑.zip,ka lin zhi jian.zip
卡诺夫.zip,ka nuo fu.zip
柯纳米世界1.zip,ke na mi shi jie 1.zip
柯纳米世界2.zip,ke na mi shi jie 2.zip
恐龙战队兽连者.zip,kong long zhan dui shou lian zhe.zip
空中魂斗罗 最终任务.zip,kong zhong hun dou luo zui zhong ren wu.zip
空中要塞.zip,kong zhong yao sai.zip
口袋妖怪 皮卡丘.zip,kou dai yao guai pi ka qiu.zip
骷髅13第二章.zip,ku lou 13 di er zhang.zip
骷髅13.zip,ku lou 13.zip
快打旋风3.zip,kuai da xuan feng 3.zip
快打旋风SD.zip,kuai da xuan feng SD.zip
快杰洋枪1.zip,kuai jie yang qiang 1.zip
快杰洋枪2.zip,kuai jie yang qiang 2.zip
快杰洋枪3.zip,kuai jie yang qiang 3.zip
快乐机器人格斗.zip,kuai le ji qi ren ge dou.zip
拉迪亚战记.zip,la di ya zhan ji.zip
拉格朗日点.zip,la ge lang ri dian.zip
蓝色计划.zip,lan se ji hua.zip
雷电节奏.zip,lei dian jie zou.zip
泪之仓库番 特别版.zip,lei zhi cang ku fan te bie ban.zip
力量小子.zip,li liang xiao zi.zip
烈火92.zip,lie huo 92.zip
灵幻道士.zip,ling huan dao shi.zip
领土之战.zip,ling tu zhi zhan.zip
龙魂 新的传说.zip,long hun xin de chuan shuo.zip
龙穴历险记.zip,long xue li xian ji.zip
龙牙.zip,long ya.zip
龙战士.zip,long zhan shi.zip
龙之忍者.zip,long zhi ren zhe.zip
龙珠Z1 赛亚人灭绝计划.zip,long zhu Z1 sai ya ren mie jue ji hua.zip
龙珠Z2 激神弗利萨.zip,long zhu Z2 ji shen fu li sa.zip
龙珠Z3 烈战人造人间.zip,long zhu Z3 lie zhan ren zao ren jian.zip
龙珠 超武斗传2.zip,long zhu chao wu dou chuan 2.zip
龙珠 神龙之谜.zip,long zhu shen long zhi mi.zip
鲁邦三世.zip,lu bang san shi.zip
洛克人1.zip,luo ke ren 1.zip
洛克人2.zip,luo ke ren 2.zip
洛克人3.zip,luo ke ren 3.zip
洛克人4.zip,luo ke ren 4.zip
洛克人5.zip,luo ke ren 5.zip
洛克人6.zip,luo ke ren 6.zip
罗罗大冒险1.zip,luo luo da mao xian 1.zip
罗罗大冒险2.zip,luo luo da mao xian 2.zip
罗罗大冒险3.zip,luo luo da mao xian 3.zip
罗纽传说.zip,luo niu chuan shuo.zip
绿色兵团.zip,lv se bing tuan.zip
马戏团.zip,ma xi tuan.zip
麦当劳世界.zip,mai dang lao shi jie.zip
猫和老鼠.zip,mao he lao shu.zip
猫里奥2.zip,mao li ao 2.zip
猫里奥3.zip,mao li ao 3.zip
猫里奥.zip,mao li ao.zip
冒险岛1.zip,mao xian dao 1.zip
冒险岛2.zip,mao xian dao 2.zip
冒险岛3.zip,mao xian dao 3.zip
冒险岛4.zip,mao xian dao 4.zip
冒险家迪兹.zip,mao xian jia di zi.zip
猫抓老鼠2.zip,mao zhua lao shu 2.zip
猫抓老鼠.zip,mao zhua lao shu.zip
media/,media
美丽新世界.zip,mei li xin shi jie.zip
魅影智慧.zip,mei ying zhi hui.zip
梦工场惊魂.zip,meng gong chang jing hun.zip
梦境之王.zip,meng jing zhi wang.zip
梦之企鹅物语.zip,meng zhi qi e wu yu.zip
梦之勇士.zip,meng zhi yong shi.zip
metadata.pegasus.txt,metadata.pegasus.txt
密不可分.zip,mi bu ke fen.zip
米格29战斗机.zip,mi ge 29 zhan dou ji.zip
迷宫岛.zip,mi gong dao.zip
迷宫寺院.zip,mi gong si yuan.zip
迷糊蛋.zip,mi hu dan.zip
米老鼠1.zip,mi lao shu 1.zip
米奇3梦幻气球.zip,mi qi 3 meng huan qi qiu.zip
谜之村雨城英译版.zip,mi zhi cun yu cheng ying yi ban.zip
摩艾君.zip,mo ai jun.zip
魔城传说2 大魔司教.zip,mo cheng chuan shuo 2 da mo si jiao.zip
魔道士的阴谋.zip,mo dao shi de yin mou.zip
摩登原始人1.zip,mo deng yuan shi ren 1.zip
摩登原始人2.zip,mo deng yuan shi ren 2.zip
魔法世界.zip,mo fa shi jie.zip
魔法王国大冒险.zip,mo fa wang guo da mao xian.zip
魔法总动员.zip,mo fa zong dong yuan.zip
魔鬼总动员.zip,mo gui zong dong yuan.zip
魔界村外传2.zip,mo jie cun wai zhuan 2.zip
魔界村.zip,mo jie cun.zip
魔界岛.zip,mo jie dao.zip
魔境铁人.zip,mo jing tie ren.zip
魔女小红帽.zip,mo nv xiao hong mao.zip
魔神英雄传外传.zip,mo shen ying xiong chuan wai zhuan.zip
魔天童子.zip,mo tian tong zi.zip
魔烛.zip,mo zhu.zip
南北战争.zip,nan bei zhan zheng.zip
男孩和他的软泥.zip,nan hai he ta de ruan ni.zip
南极大冒险.zip,nan ji da mao xian.zip
内部之光.zip,nei bu zhi guang.zip
能源战士1.zip,neng yuan zhan shi 1.zip
能源战士2.zip,neng yuan zhan shi 2.zip
尼布斯与德布斯.zip,ni bu si yu de bu si.zip
鸟人战队.zip,niao ren zhan dui.zip
纽约大拳猫.zip,niu yue da quan mao.zip
农夫忍者.zip,nong fu ren zhe.zip
怒1.zip,nu 1.zip
怒2.zip,nu 2.zip
怒3.zip,nu 3.zip
偶像八犬传.zip,ou xiang ba quan chuan.zip
帕拉米狄斯方块.zip,pa la mi di si fang kuai.zip
排球.zip,pai qiu.zip
潘克.zip,pan ke.zip
潘泽尔的冒险2.zip,pan ze er de mao xian 2.zip
泡泡龙1.zip,pao pao long 1.zip
泡泡龙2.zip,pao pao long 2.zip
碰碰车.zip,peng peng che.zip
霹雳神兵.zip,pi li shen bing.zip
披萨大战.zip,pi sa da zhan.zip
乒乓球.zip,ping pang qiu.zip
扑扇的小鸟.zip,pu shan de xiao niao.zip
七宝奇谋2.zip,qi bao qi mou 2.zip
七宝奇谋.zip,qi bao qi mou.zip
奇才女巫.zip,qi cai nv wu.zip
企鹅先生.zip,qi e xian sheng.zip
奇幻射击.zip,qi huan she ji.zip
气球大战.zip,qi qiu da zhan.zip
前线.zip,qian xian.zip
抢险特攻队.zip,qiang xian te gong dui.zip
敲冰块.zip,qiao bing kuai.zip
趣味方块.zip,qu wei fang kuai.zip
拳无虚发.zip,quan wu xu fa.zip
热带之星2.zip,re dai zhi xing 2.zip
热带之星.zip,re dai zhi xing.zip
热血高校躲避球部 足球篇.zip,re xue gao xiao duo bi qiu bu zu qiu pian.zip
热血高校躲避球.zip,re xue gao xiao duo bi qiu.zip
热血格斗传说.zip,re xue ge dou chuan shuo.zip
热血进行曲.zip,re xue jin xing qu.zip
热血篮球.zip,re xue lan qiu.zip
热血曲棍球.zip,re xue qu gun qiu.zip
热血时代剧.zip,re xue shi dai ju.zip
热血物语.zip,re xue wu yu.zip
热血新记录.zip,re xue xin ji lu.zip
热血硬派.zip,re xue ying pai.zip
热血足球联盟.zip,re xue zu qiu lian meng.zip
人间兵器.zip,ren jian bing qi.zip
任天堂战争.zip,ren tian tang zhan zheng.zip
忍者茶茶丸击魔传幻之金魔城.zip,ren zhe cha cha wan ji mo chuan huan zhi jin mo cheng.zip
忍者茶茶丸之银河大作战.zip,ren zhe cha cha wan zhi yin he da zuo zhan.zip
忍者茶茶丸.zip,ren zhe cha cha wan.zip
忍者哈利特.zip,ren zhe ha li te.zip
忍者剑豪传.zip,ren zhe jian hao chuan.zip
忍者警察.zip,ren zhe jing cha.zip
忍者君-阿修罗之章.zip,ren zhe jun - a xiu luo zhi zhang.zip
忍者龙剑传1.zip,ren zhe long jian chuan 1.zip
忍者龙剑传2.zip,ren zhe long jian chuan 2.zip
忍者龙剑传3.zip,ren zhe long jian chuan 3.zip
忍者猫.zip,ren zhe mao.zip
忍者神龟1.zip,ren zhe shen gui 1.zip
忍者神龟2.zip,ren zhe shen gui 2.zip
忍者神龟3.zip,ren zhe shen gui 3.zip
忍者神龟4 激龟快打.zip,ren zhe shen gui 4 ji gui kuai da.zip
忍者蛙和双截龙.zip,ren zhe wa he shuang jie long.zip
忍者蛙.zip,ren zhe wa.zip
塞尔达传说1 幻想大陆海拉尔.zip,sai er da chuan shuo 1 huan xiang da lu hai la er.zip
塞尔达传说2 林克的冒险.zip,sai er da chuan shuo 2 lin ke de mao xian.zip
塞尔达传说改版.zip,sai er da chuan shuo gai ban.zip
三国志1 中原之霸者.zip,san guo zhi 1 zhong yuan zhi ba zhe.zip
三国志2 霸王的大陆.zip,san guo zhi 2 ba wang de da lu.zip
三国志 曹操传.zip,san guo zhi cao cao chuan.zip
三目童子.zip,san mu tong zi.zip
三只小猪.zip,san zhi xiao zhu.zip
杀虫战记.zip,sha chong zhan ji.zip
沙罗曼蛇.zip,sha luo man she.zip
沙那多.zip,sha na duo.zip
闪亮亮星星之夜DX.zip,shan liang liang xing xing zhi ye DX.zip
上尉密令.zip,shang wei mi ling.zip
少年印第安纳琼斯.zip,shao nian yin di an na qiong si.zip
射击方块.zip,she ji fang kuai.zip
神秘起源.zip,shen mi qi yuan.zip
神秘之结.zip,shen mi zhi jie.zip
神气精灵.zip,shen qi jing ling.zip
神圣战记.zip,shen sheng zhan ji.zip
圣斗士星矢 黄金传说完结篇.zip,sheng dou shi xing shi huang jin chuan shuo wan jie pian.zip
圣斗士星矢 黄金传说.zip,sheng dou shi xing shi huang jin chuan shuo.zip
生化战士丹.zip,sheng hua zhan shi dan.zip
圣剑除魔.zip,sheng jian chu mo.zip
圣铃传说.zip,sheng ling chuan shuo.zip
时间旅行者.zip,shi jian lv xing zhe.zip
世界之梦2.zip,shi jie zhi meng 2.zip
世界之梦.zip,shi jie zhi meng.zip
史克威尔的汤姆历险记.zip,shi ke wei er de tang mu li xian ji.zip
时空地带.zip,shi kong di dai.zip
时空小子.zip,shi kong xiao zi.zip
尸体.zip,shi ti.zip
守护骑士亚马逊 减肥大作战.zip,shou hu qi shi ya ma xun jian fei da zuo zhan.zip
双截龙1.zip,shuang jie long 1.zip
双截龙2.zip,shuang jie long 2.zip
双截龙3.zip,shuang jie long 3.zip
双蛇城.zip,shuang she cheng.zip
双月传说.zip,shuang yue chuan shuo.zip
四川麻将 海滩篇.zip,si chuan ma jiang hai tan pian.zip
死神修道院.zip,si shen xiu dao yuan.zip
斯坦利 寻找利文斯敦博士.zip,si tan li xun zhao li wen si dun bo shi.zip
松鼠大战1.zip,song shu da zhan 1.zip
松鼠大战2.zip,song shu da zhan 2.zip
所罗门之钥2.zip,suo luo men zhi yao 2.zip
所罗门之钥.zip,suo luo men zhi yao.zip
太东篮球.zip,tai dong lan qiu.zip
太空海鸥.zip,tai kong hai ou.zip
太空忍者.zip,tai kong ren zhe.zip
太阳系战机.zip,tai yang xi zhan ji.zip
太阳勇者.zip,tai yang yong zhe.zip
坦克大战 烟山1990.zip,tan ke da zhan yan shan 1990.zip
坦克大战.zip,tan ke da zhan.zip
糖果屋.zip,tang guo wu.zip
唐老鸭大冒险1.zip,tang lao ya da mao xian 1.zip
唐老鸭大冒险2.zip,tang lao ya da mao xian 2.zip
淘金者.zip,tao jin zhe.zip
特救指令.zip,te jiu zhi ling.zip
踢王.zip,ti wang.zip
天才小厨师.zip,tian cai xiao chu shi.zip
天神之剑.zip,tian shen zhi jian.zip
天使之翼2.zip,tian shi zhi yi 2.zip
天堂鸟.zip,tian tang niao.zip
跳蚤.zip,tiao zao.zip
铁板阵.zip,tie ban zhen.zip
铁面无私.zip,tie mian wu si.zip
铁拳对钢拳.zip,tie quan dui gang quan.zip
兔八哥 疯狂城堡.zip,tu ba ge feng kuang cheng bao.zip
兔八哥 生日快乐.zip,tu ba ge sheng ri kuai le.zip
兔宝宝1.zip,tu bao bao 1.zip
兔宝宝2.zip,tu bao bao 2.zip
兔宝宝6.zip,tu bao bao 6.zip
屠龙剑4.zip,tu long jian 4.zip
屠龙战记2暗之封印.zip,tu long zhan ji 2 an zhi feng yin.zip
屠龙战记.zip,tu long zhan ji.zip
突然君.zip,tu ran jun.zip
吞食天地1 三国英杰传.zip,tun shi tian di 1 san guo ying jie chuan.zip
吞食天地2 曹魏的野望.zip,tun shi tian di 2 cao wei de ye wang.zip
吞食天地2 秋风五丈原.zip,tun shi tian di 2 qiu feng wu zhang yuan.zip
吞食天地2 诸葛孔明传复刻版.zip,tun shi tian di 2 zhu ge kong ming chuan fu ke ban.zip
吞食天地2 诸葛孔明传.zip,tun shi tian di 2 zhu ge kong ming chuan.zip
脱狱1.zip,tuo yu 1.zip
脱狱2.zip,tuo yu 2.zip
瓦里奥之森.zip,wa li ao zhi sen.zip
瓦强世界3.zip,wa qiang shi jie 3.zip
外星战将.zip,wai xing zhan jiang.zip
顽皮狗.zip,wan pi gou.zip
魍魉战记.zip,wang liang zhan ji.zip
网球.zip,wang qiu.zip
威洛之旅.zip,wei luo zhi lv.zip
微型法师.zip,wei xing fa shi.zip
五子棋.zip,wu zi qi.zip
西部小子.zip,xi bu xiao zi.zip
希魔复活.zip,xi mo fu huo.zip
西游记1.zip,xi you ji 1.zip
西游记2.zip,xi you ji 2.zip
香蕉王子大冒险.zip,xiang jiao wang zi da mao xian.zip
小超人帕门2.zip,xiao chao ren pa men 2.zip
小超人帕门.zip,xiao chao ren pa men.zip
小鬼Q太郎.zip,xiao gui Q tai lang.zip
小美人鱼.zip,xiao mei ren yu.zip
小蜜蜂.zip,xiao mi feng.zip
小魔怪2新种诞生.zip,xiao mo guai 2 xin zhong dan sheng.zip
小魔星达鲁鲁2.zip,xiao mo xing da lu lu 2.zip
小魔星达鲁鲁.zip,xiao mo xing da lu lu.zip
小兔大迷路.zip,xiao tu da mi lu.zip
新人类.zip,xin ren lei.zip
星际魂斗罗.zip,xing ji hun dou luo.zip
星际咖啡馆.zip,xing ji ka fei guan.zip
星之卡比 梦之泉物语.zip,xing zhi ka bi meng zhi quan wu yu.zip
雪人兄弟.zip,xue ren xiong di.zip
寻宝大进击.zip,xun bao da jin ji.zip
亚当斯一家-法斯特叔叔的探索.zip,ya dang si yi jia - fa si te shu shu de tan suo.zip
眼镜蛇特种部队1.zip,yan jing she te zhong bu dui 1.zip
眼镜蛇特种部队2.zip,yan jing she te zhong bu dui 2.zip
炎之斗球儿弹平2.zip,yan zhi dou qiu er dan ping 2.zip
炎之斗球儿弹平.zip,yan zhi dou qiu er dan ping.zip
遥控赛车2.zip,yao kong sai che 2.zip
耀西的饼干.zip,yao xi de bing gan.zip
野狼特工队.zip,ye lang te gong dui.zip
义龟报恩.zip,yi gui bao en.zip
遗迹惑星之野望.zip,yi ji huo xing zhi ye wang.zip
翼人.zip,yi ren.zip
伊苏3.zip,yi su 3.zip
异形3.zip,yi xing 3.zip
异域诛魂.zip,yi yu zhu hun.zip
银白色沙加.zip,yin bai se sha jia.zip
银河号.zip,yin he hao.zip
银河武士.zip,yin he wu shi.zip
银河战士之盗贼多恩.zip,yin he zhan shi zhi dao zei duo en.zip
银河战士.zip,yin he zhan shi.zip
影子传说.zip,ying zi chuan shuo.zip
勇士们.zip,yong shi men.zip
勇者斗恶龙1.zip,yong zhe dou e long 1.zip
勇者斗恶龙2.zip,yong zhe dou e long 2.zip
勇者斗恶龙3.zip,yong zhe dou e long 3.zip
勇者斗恶龙4.zip,yong zhe dou e long 4.zip
幽灵列车.zip,you ling lie che.zip
游园地.zip,you yuan di.zip
宇宙巡航机1.zip,yu zhou xun hang ji 1.zip
宇宙巡航机2.zip,yu zhou xun hang ji 2.zip
月风魔传.zip,yue feng mo chuan.zip
月宫桌球.zip,yue gong zhuo qiu.zip
月光宝石.zip,yue guang bao shi.zip
越野摩托.zip,yue ye mo tuo.zip
越野战车.zip,yue ye zhan che.zip
炸弹人2.zip,zha dan ren 2.zip
炸弹人2002.zip,zha dan ren 2002.zip
炸弹人.zip,zha dan ren.zip
战场之狼.zip,zhan chang zhi lang.zip
战地小子1.zip,zhan di xiao zi 1.zip
战地小子2.zip,zhan di xiao zi 2.zip
战斗坦克.zip,zhan dou tan ke.zip
战斗原始人.zip,zhan dou yuan shi ren.zip
战斗之星.zip,zhan dou zhi xing.zip
詹姆斯邦德007.zip,zhan mu si bang de 007.zip
真田十勇士.zip,zhen tian shi yong shi.zip
至日-三次元迷宫的狂兽.zip,zhi ri - san ci yuan mi gong de kuang shou.zip
职业高尔夫球手 猿.zip,zhi ye gao er fu qiu shou yuan.zip
中东战争.zip,zhong dong zhan zheng.zip
中国象棋.zip,zhong guo xiang qi.zip
中华大仙.zip,zhong hua da xian.zip
终极特技人.zip,zhong ji te ji ren.zip
终结者2审判日.zip,zhong jie zhe 2 shen pan ri.zip
重力装甲.zip,zhong li zhuang jia.zip
重装机兵.zip,zhong zhuang ji bing.zip
侏罗纪公园.zip,zhu luo ji gong yuan.zip
壮志凌云1.zip,zhuang zhi ling yun 1.zip
壮志凌云2.zip,zhuang zhi ling yun 2.zip
追赶跑跳蹦.zip,zhui gan pao tiao beng.zip
足球.zip,zu qiu.zip
最终幻想1+2.zip,zui zhong huan xiang 1+2.zip
最终幻想3.zip,zui zhong huan xiang 3.zip
