G&W集锦1,G&W集锦1.gb,G&W ji jin 1.gb
G&W集锦2,G&W集锦2.gb,G&W ji jin 2.gb
NBA JAM杯赛版,NBA JAM杯赛版.gb,NBA JAM bei sai ban.gb
SD高达外传 拉古罗亚群英传,SD高达外传 拉古罗亚群英传.gb,SD gao da wai zhuan la gu luo ya qun ying chuan.gb
SD鲁邦三世 破坏金库大作战,SD鲁邦三世 破坏金库大作战.gb,SD lu bang san shi po huai jin ku da zuo zhan.gb
V-拉力赛车,V-拉力赛车.gb,V- la li sai che.gb
艾斯帕克斯的奇迹冒险,艾斯帕克斯的奇迹冒险.gb,ai si pa ke si de qi ji mao xian.gb
超级马里奥1,超级马里奥1.gb,chao ji ma li ao 1.gb
超级马里奥4,超级马里奥4.gb,chao ji ma li ao 4.gb
超级马里奥医生,超级马里奥医生.gb,chao ji ma li ao yi sheng.gb
超级中国人,超级中国人.gb,chao ji zhong guo ren.gb
创世纪外传 神秘的美德2,创世纪外传 神秘的美德2.gb,chuang shi ji wai zhuan shen mi de mei de 2.gb
大金刚国度,大金刚国度.gb,da jin gang guo du.gb
大金刚,大金刚.gb,da jin gang.gb
大力工头 机器人帝国的野心,大力工头 机器人帝国的野心.gb,da li gong tou ji qi ren di guo de ye xin.gb
大力工头 幽灵建筑公司,大力工头 幽灵建筑公司.gb,da li gong tou you ling jian zhu gong si.gb
导弹指挥官,导弹指挥官.gb,dao dan zhi hui guan.gb
第1次超级机器人大战,第1次超级机器人大战.gb,di 1 ci chao ji ji qi ren da zhan.gb
第2次超级机器人大战,第2次超级机器人大战.gb,di 2 ci chao ji ji qi ren da zhan.gb
地球解放军,地球解放军.gb,di qiu jie fang jun.gb
俄罗斯方块,俄罗斯方块.gb,e luo si fang kuai.gb
恶魔城1,恶魔城1.gb,e mo cheng 1.gb
恶魔城2,恶魔城2.gb,e mo cheng 2.gb
恶魔城3,恶魔城3.gb,e mo cheng 3.gb
恶魔城外传 王子传奇,恶魔城外传 王子传奇.gb,e mo cheng wai zhuan wang zi chuan qi.gb
菲利克斯猫,菲利克斯猫.gb,fei li ke si mao.gb
疯狂越野摩托车,疯狂越野摩托车.gb,feng kuang yue ye mo tuo che.gb
复仇幽灵,复仇幽灵.gb,fu chou you ling.gb
钢刀曲棍球,钢刀曲棍球.gb,gang dao qu gun qiu.gb
光之神话,光之神话.gb,guang zhi shen hua.gb
魂斗罗1,魂斗罗1.gb,hun dou luo 1.gb
魂斗罗2,魂斗罗2.gb,hun dou luo 2.gb
机械战警1,机械战警1.gb,ji xie zhan jing 1.gb
机械战警2,机械战警2.gb,ji xie zhan jing 2.gb
机械战警对终结者,机械战警对终结者.gb,ji xie zhan jing dui zhong jie zhe.gb
解谜小子,解谜小子.gb,jie mi xiao zi.gb
街头霸王2,街头霸王2.gb,jie tou ba wang 2.gb
街头赛车,街头赛车.gb,jie tou sai che.gb
口袋妖怪 红,口袋妖怪 红.gb,kou dai yao guai hong.gb
口袋妖怪 蓝,口袋妖怪 蓝.gb,kou dai yao guai lan.gb
口袋妖怪 绿,口袋妖怪 绿.gb,kou dai yao guai lv.gb
口袋妖怪 皮卡丘,口袋妖怪 皮卡丘.gb,kou dai yao guai pi ka qiu.gb
狂热鼹鼠,狂热鼹鼠.gb,kuang re yan shu.gb
矿王,矿王.gb,kuang wang.gb
蜡笔小新1 我和小白是朋友,蜡笔小新1 我和小白是朋友.gb,la bi xiao xin 1 wo he xiao bai shi peng you.gb
蜡笔小新2 我和调皮鬼捉迷藏,蜡笔小新2 我和调皮鬼捉迷藏.gb,la bi xiao xin 2 wo he tiao pi gui zhuo mi cang.gb
蜡笔小新3 我的健康运动,蜡笔小新3 我的健康运动.gb,la bi xiao xin 3 wo de jian kang yun dong.gb
蜡笔小新4 恶作剧大变身,蜡笔小新4 恶作剧大变身.gb,la bi xiao xin 4 e zuo ju da bian shen.gb
两次运球,两次运球.gb,liang ci yun qiu.gb
龙之尾,龙之尾.gb,long zhi wei.gb
龙珠Z 悟空飞翔传,龙珠Z 悟空飞翔传.gb,long zhu Z wu kong fei xiang chuan.gb
洛克人1,洛克人1.gb,luo ke ren 1.gb
洛克人2,洛克人2.gb,luo ke ren 2.gb
洛克人3,洛克人3.gb,luo ke ren 3.gb
洛克人4,洛克人4.gb,luo ke ren 4.gb
洛克人5,洛克人5.gb,luo ke ren 5.gb
冒险岛1,冒险岛1.gb,mao xian dao 1.gb
冒险岛2,冒险岛2.gb,mao xian dao 2.gb
米老鼠之危险的追逐,米老鼠之危险的追逐.gb,mi lao shu zhi wei xian de zhui zhu.gb
魔界村外传,魔界村外传.gb,mo jie cun wai zhuan.gb
女神转生外传 最后的圣经2,女神转生外传 最后的圣经2.gb,nv shen zhuan sheng wai zhuan zui hou de sheng jing 2.gb
奇天烈大百科,奇天烈大百科.gb,qi tian lie da bai ke.gb
蚯蚓战士,蚯蚓战士.gb,qiu yin zhan shi.gb
燃纸大作战,燃纸大作战.gb,ran zhi da zuo zhan.gb
热斗 斗神传,热斗 斗神传.gb,re dou dou shen chuan.gb
热斗 饿狼传说2,热斗 饿狼传说2.gb,re dou e lang chuan shuo 2.gb
热斗 饿狼传说特别版,热斗 饿狼传说特别版.gb,re dou e lang chuan shuo te bie ban.gb
热斗 拳皇95,热斗 拳皇95.gb,re dou quan huang 95.gb
热斗 拳皇96,热斗 拳皇96.gb,re dou quan huang 96.gb
热斗 拳皇97,热斗 拳皇97.gb,re dou quan huang 97.gb
热斗 拳皇98,热斗 拳皇98.gb,re dou quan huang 98.gb
热斗 侍魂斩红郎无双剑,热斗 侍魂斩红郎无双剑.gb,re dou shi hun zhan hong lang wu shuang jian.gb
热斗 侍魂,热斗 侍魂.gb,re dou shi hun.gb
热斗 世界英雄2,热斗 世界英雄2.gb,re dou shi jie ying xiong 2.gb
热血硬派 番外乱斗篇,热血硬派 番外乱斗篇.gb,re xue ying pai fan wai luan dou pian.gb
忍者龙剑传,忍者龙剑传.gb,ren zhe long jian chuan.gb
忍者神龟1 鬼脚族的陨落,忍者神龟1 鬼脚族的陨落.gb,ren zhe shen gui 1 gui jiao zu de yun luo.gb
忍者神龟2 下水道归来,忍者神龟2 下水道归来.gb,ren zhe shen gui 2 xia shui dao gui lai.gb
忍者神龟3 紧急营救,忍者神龟3 紧急营救.gb,ren zhe shen gui 3 jin ji ying jiu.gb
忍者蛙1,忍者蛙1.gb,ren zhe wa 1.gb
忍者蛙2,忍者蛙2.gb,ren zhe wa 2.gb
忍者蛙和双截龙,忍者蛙和双截龙.gb,ren zhe wa he shuang jie long.gb
三国志,三国志.gb,san guo zhi.gb
神鸡艾烈佛,神鸡艾烈佛.gb,shen ji ai lie fu.gb
生化尖兵,生化尖兵.gb,sheng hua jian bing.gb
圣剑传说,圣剑传说.gb,sheng jian chuan shuo.gb
双截龙1,双截龙1.gb,shuang jie long 1.gb
双截龙2,双截龙2.gb,shuang jie long 2.gb
双截龙3,双截龙3.gb,shuang jie long 3.gb
太空战斗机2,太空战斗机2.gb,tai kong zhan dou ji 2.gb
太空战士4,太空战士4.gb,tai kong zhan shi 4.gb
突击坦克 TRAX,突击坦克 TRAX.gb,tu ji tan ke TRAX.gb
吞食天地 三国英雄传,吞食天地 三国英雄传.gb,tun shi tian di san guo ying xiong chuan.gb
瓦里奥大战炸弹人,瓦里奥大战炸弹人.gb,wa li ao da zhan zha dan ren.gb
瓦力欧大陆1,瓦力欧大陆1.gb,wa li ou da lu 1.gb
巫术外传3,巫术外传3.gb,wu shu wai zhuan 3.gb
星之卡比1,星之卡比1.gb,xing zhi ka bi 1.gb
星之卡比2,星之卡比2.gb,xing zhi ka bi 2.gb
野球拳,野球拳.gb,ye qiu quan.gb
异型战机1,异型战机1.gb,yi xing zhan ji 1.gb
异型战机2,异型战机2.gb,yi xing zhan ji 2.gb
宇宙巡航机1,宇宙巡航机1.gb,yu zhou xun hang ji 1.gb
宇宙巡航机2,宇宙巡航机2.gb,yu zhou xun hang ji 2.gb
原始人大进击,原始人大进击.gb,yuan shi ren da jin ji.gb
元祖！快杰洋枪丸,元祖！快杰洋枪丸.gb,yuan zu ！ kuai jie yang qiang wan.gb
炸弹人,炸弹人.gb,zha dan ren.gb
珍宝珠小子,珍宝珠小子.gb,zhen bao zhu xiao zi.gb
终结者2,终结者2.gb,zhong jie zhe 2.gb
