coh1002m,coh1002m.zip,coh1002m.zip
电梯大战2 归来 汉化版,电梯大战2 归来 汉化版.zip,dian ti da zhan 2 gui lai han hua ban.zip
东京战争,东京战争.zip,dong jing zhan zheng.zip
花小路大作战,花小路大作战.zip,hua xiao lu da zuo zhan.zip
火焰猎人,火焰猎人.zip,huo yan lie ren.zip
监狱破坏者,监狱破坏者.zip,jian yu po huai zhe.zip
m68705p5,m68705p5.zip,m68705p5.zip
namcoc74,namcoc74.7z,namcoc74.7z
qsound_hle,qsound_hle.7z,qsound_hle.7z
死亡边缘  汉化版,死亡边缘  汉化版.zip,si wang bian yuan han hua ban.zip
突击血狼,突击血狼.zip,tu ji xue lang.zip
未来坦克,未来坦克.zip,wei lai tan ke.zip
危险快车,危险快车.zip,wei xian kuai che.zip
影子传说 汉化版,影子传说 汉化版.zip,ying zi chuan shuo han hua ban.zip
