埃及艳后宝石方块,埃及艳后宝石方块.zip,ai ji yan hou bao shi fang kuai.zip
aleck64,aleck64.zip,aleck64.zip
爆转陀螺 V,爆转陀螺 V.zip,bao zhuan tuo luo V.zip
锤锤帮 汉化版,锤锤帮 汉化版.zip,chui chui bang han hua ban.zip
cleopatr,cleopatr/cleopatr.zip,cleopatr
coh1002m,coh1002m.zip,coh1002m.zip
crysbios,crysbios.zip,crysbios.zip
大-大-革命,大-大-革命.zip,da - da - ge ming.zip
动力射击弹珠,动力射击弹珠.zip,dong li she ji dan zhu.zip
灌篮高手,灌篮高手.zip,guan lan gao shou.zip
黄金赛马86,黄金赛马86.zip,huang jin sai ma 86.zip
急速赛马2 日版,急速赛马2 日版.zip,ji su sai ma 2 ri ban.zip
急速赛马2,急速赛马2.zip,ji su sai ma 2.zip
急速赛马3,急速赛马3.zip,ji su sai ma 3.zip
急速赛马,急速赛马.zip,ji su sai ma.zip
进化足球,进化足球.zip,jin hua zu qiu.zip
究极徐徐大作战,究极徐徐大作战.zip,jiu ji xu xu da zuo zhan.zip
kingdrby,kingdrby.zip,kingdrby.zip
konamigx,konamigx.7z,konamigx.7z
空中自行车,空中自行车.zip,kong zhong zi xing che.zip
块块消 汉化版,块块消 汉化版.zip,kuai kuai xiao han hua ban.zip
冷冻' 狂怒,冷冻' 狂怒.zip,leng dong ' kuang nu.zip
陆地创造者 汉化版,陆地创造者 汉化版.zip,lu di chuang zao zhe han hua ban.zip
m68705p5,m68705p5.zip,m68705p5.zip
冒险小子,冒险小子.zip,mao xian xiao zi.zip
民国教育委员会,民国教育委员会.zip,min guo jiao yu wei yuan hui.zip
魔法宝石 '97,魔法宝石 '97.zip,mo fa bao shi '97.zip
namcoc76,namcoc76.zip,namcoc76.zip
南梦宫迷你游戏 '98,南梦宫迷你游戏 '98.zip,nan meng gong mi ni you xi '98.zip
泡泡龙2 汉化版,泡泡龙2 汉化版.zip,pao pao long 2 han hua ban.zip
泡泡堂,泡泡堂.zip,pao pao tang.zip
噗呦噗呦 3,噗呦噗呦 3.zip,pu you pu you 3.zip
segabill,segabill.zip,segabill.zip
stvbios,stvbios.zip,stvbios.zip
所罗门之钥 汉化版,所罗门之钥 汉化版.zip,suo luo men zhi yao han hua ban.zip
sys573,sys573.zip,sys573.zip
天蚕变3D 舞动之眼,天蚕变3D 舞动之眼.zip,tian can bian 3D wu dong zhi yan.zip
天旋地转 汉化版,天旋地转 汉化版.zip,tian xuan di zhuan han hua ban.zip
问答365,问答365.zip,wen da 365.zip
五子棋 - 连珠贵族,五子棋 - 连珠贵族.zip,wu zi qi - lian zhu gui zu.zip
五子棋,五子棋.zip,wu zi qi.zip
仙境物语 汉化版,仙境物语 汉化版.zip,xian jing wu yu han hua ban.zip
心跳回忆 对战解迷球,心跳回忆 对战解迷球.zip,xin tiao hui yi dui zhan jie mi qiu.zip
虚拟保龄球,虚拟保龄球.zip,xu ni bao ling qiu.zip
寻宝记 - 解谜与行动,寻宝记 - 解谜与行动.zip,xun bao ji - jie mi yu xing dong.zip
益智麻将砖块,益智麻将砖块.zip,yi zhi ma jiang zhuan kuai.zip
益智游戏,益智游戏.zip,yi zhi you xi.zip
樱大战 - 花组对战方块,樱大战 - 花组对战方块.zip,ying da zhan - hua zu dui zhan fang kuai.zip
ym2413,ym2413.zip,ym2413.zip
中国龙1,中国龙1.zip,zhong guo long 1.zip
钻地先生,钻地先生.zip,zuan di xian sheng.zip
