VR 战士 2,VR 战士 2.zip,VR zhan shi 2.zip
VR 战士 口袋版,VR 战士 口袋版.zip,VR zhan shi kou dai ban.zip
超钢战记,超钢战记.zip,chao gang zhan ji.zip
coh1000c,coh1000c.zip,coh1000c.zip
coh1000t,coh1000t.zip,coh1000t.zip
coh1002m,coh1002m.zip,coh1002m.zip
coh3002c,coh3002c.zip,coh3002c.zip
斗龙传说,斗龙传说.zip,dou long chuan shuo.zip
斗神传2,斗神传2.zip,dou shen chuan 2.zip
格斗领域,格斗领域.zip,ge dou ling yu.zip
豪血寺一族3 全人物版,豪血寺一族3 全人物版.zip,hao xue si yi zu 3 quan ren wu ban.zip
魂之利刃1,魂之利刃1.zip,hun zhi li ren 1.zip
魂之利刃2,魂之利刃2.zip,hun zhi li ren 2.zip
街头霸王 EX1,街头霸王 EX1.zip,jie tou ba wang EX1.zip
街头霸王 EX1PLUS,街头霸王 EX1PLUS.zip,jie tou ba wang EX1PLUS.zip
街头霸王 EX2,街头霸王 EX2.zip,jie tou ba wang EX2.zip
街头霸王 EX2PLUS,街头霸王 EX2PLUS.zip,jie tou ba wang EX2PLUS.zip
决斗高校 命运同盟,决斗高校 命运同盟.zip,jue dou gao xiao ming yun tong meng.zip
konamigx,konamigx.zip,konamigx.zip
快打旋风格斗版,快打旋风格斗版.zip,kuai da xuan feng ge dou ban.zip
魔法格斗,魔法格斗.zip,mo fa ge dou.zip
namcoc76,namcoc76.zip,namcoc76.zip
qsound_hle,qsound_hle.7z,qsound_hle.7z
拳皇98 终极之战英雄,拳皇98 终极之战英雄.zip,quan huang 98 zhong ji zhi zhan ying xiong.zip
segabill,segabill.zip,segabill.zip
神佑擂台,神佑擂台.zip,shen you lei tai.zip
兽化格斗1,兽化格斗1.zip,shou hua ge dou 1.zip
兽化格斗2,兽化格斗2.zip,shou hua ge dou 2.zip
水浒演武 全人物版,水浒演武 全人物版.zip,shui hu yan wu quan ren wu ban.zip
死或生++,死或生++.zip,si huo sheng ++.zip
stvbios,stvbios.zip,stvbios.zip
sys246,sys246.zip,sys246.zip
铁拳1,铁拳1.zip,tie quan 1.zip
铁拳2,铁拳2.zip,tie quan 2.zip
铁拳3,铁拳3.zip,tie quan 3.zip
铁拳锦标赛,铁拳锦标赛.zip,tie quan jin biao sai.zip
tms32032,tms32032.zip,tms32032.zip
心灵力量,心灵力量.zip,xin ling li liang.zip
星际格斗1,星际格斗1.zip,xing ji ge dou 1.zip
星际格斗2,星际格斗2.zip,xing ji ge dou 2.zip
行星格斗,行星格斗.zip,xing xing ge dou.zip
战斗英雄,战斗英雄.zip,zhan dou ying xiong.zip
战斧格斗 全人物版,战斧格斗 全人物版.zip,zhan fu ge dou quan ren wu ban.zip
真人快打4,真人快打4.zip,zhen ren kuai da 4.zip
