JUJU传说,JUJU传说.zip,JUJU chuan shuo.zip
Mazin传说,Mazin传说.zip,Mazin chuan shuo.zip
Q版超能力美少女,Q版超能力美少女.zip,Q ban chao neng li mei shao nv.zip
X战警,X战警.zip,X zhan jing.zip
阿拉丁,阿拉丁.zip,a la ding.zip
阿莉莎之龙,阿莉莎之龙.zip,a li sha zhi long.zip
暴风战机,暴风战机.zip,bao feng zhan ji.zip
暴力克星,暴力克星.zip,bao li ke xing.zip
爆裂激战,爆裂激战.zip,bao lie ji zhan.zip
北斗神拳,北斗神拳.zip,bei dou shen quan.zip
蝙蝠侠与罗宾,蝙蝠侠与罗宾.zip,bian fu xia yu luo bin.zip
蝙蝠侠,蝙蝠侠.zip,bian fu xia.zip
不朽的巫师,不朽的巫师.zip,bu xiu de wu shi.zip
彩虹岛,彩虹岛.zip,cai hong dao.zip
超惑星战记2,超惑星战记2.zip,chao huo xing zhan ji 2.zip
超级街头霸王2,超级街头霸王2.zip,chao ji jie tou ba wang 2.zip
超级忍2汉化,超级忍2汉化.zip,chao ji ren 2 han hua.zip
超级忍2,超级忍2.zip,chao ji ren 2.zip
超人,超人.zip,chao ren.zip
出击飞龙1,出击飞龙1.zip,chu ji fei long 1.zip
出击飞龙2,出击飞龙2.zip,chu ji fei long 2.zip
大航海时代2,大航海时代2.zip,da hang hai shi dai 2.zip
大魔界村,大魔界村.zip,da mo jie cun.zip
大旋风,大旋风.zip,da xuan feng.zip
斗技王,斗技王.zip,dou ji wang.zip
哆啦A梦,哆啦A梦.zip,duo la A meng.zip
恶魔城,恶魔城.zip,e mo cheng.zip
风暴丛林,风暴丛林.zip,feng bao cong lin.zip
风暴都市,风暴都市.zip,feng bao du shi.zip
风暴沙漠,风暴沙漠.zip,feng bao sha mo.zip
疯狂潜入者,疯狂潜入者.zip,feng kuang qian ru zhe.zip
复仇之刃,复仇之刃.zip,fu chou zhi ren.zip
腐尸之屋2,腐尸之屋2.zip,fu shi zhi wu 2.zip
腐尸之屋3强化,腐尸之屋3强化.zip,fu shi zhi wu 3 qiang hua.zip
腐尸之屋3,腐尸之屋3.zip,fu shi zhi wu 3.zip
盖亚战机,盖亚战机.zip,gai ya zhan ji.zip
钢铁帝国,钢铁帝国.zip,gang tie di guo.zip
高飞狗的惊异之旅,高飞狗的惊异之旅.zip,gao fei gou de jing yi zhi lv.zip
怪物世界4强化,怪物世界4强化.zip,guai wu shi jie 4 qiang hua.zip
怪物世界4,怪物世界4.zip,guai wu shi jie 4.zip
光明力量1-诸神之遗产,光明力量1-诸神之遗产.zip,guang ming li liang 1- zhu shen zhi yi chan.zip
光明力量2-古代之封印,光明力量2-古代之封印.zip,guang ming li liang 2- gu dai zhi feng yin.zip
光明十字军,光明十字军.zip,guang ming shi zi jun.zip
海滩冲浪者,海滩冲浪者.zip,hai tan chong lang zhe.zip
黑水海盗,黑水海盗.zip,hei shui hai dao.zip
红色地带,红色地带.zip,hong se di dai.zip
花式撞球,花式撞球.zip,hua shi zhuang qiu.zip
皇帝的财宝,皇帝的财宝.zip,huang di de cai bao.zip
毁灭骑兵,毁灭骑兵.zip,hui mie qi bing.zip
混乱引擎,混乱引擎.zip,hun luan yin qing.zip
火箭骑士,火箭骑士.zip,huo jian qi shi.zip
火枪英雄,火枪英雄.zip,huo qiang ying xiong.zip
吉姆大显神威,吉姆大显神威.zip,ji mu da xian shen wei.zip
机械战警3,机械战警3.zip,ji xie zhan jing 3.zip
交叉火力,交叉火力.zip,jiao cha huo li.zip
鲛鲛鲛,鲛鲛鲛.zip,jiao jiao jiao.zip
孔雀王2中文强化,孔雀王2中文强化.zip,kong que wang 2 zhong wen qiang hua.zip
孔雀王2,孔雀王2.zip,kong que wang 2.zip
雷电战机,雷电战机.zip,lei dian zhan ji.zip
雷狐行动,雷狐行动.zip,lei hu xing dong.zip
邻居不是人,邻居不是人.zip,lin ju bu shi ren.zip
灵魂战机,灵魂战机.zip,ling hun zhan ji.zip
零翼战机,零翼战机.zip,ling yi zhan ji.zip
龙虎之拳,龙虎之拳.zip,long hu zhi quan.zip
蚂蚁骑士,蚂蚁骑士.zip,ma yi qi shi.zip
脉冲超人,脉冲超人.zip,mai chong chao ren.zip
麦当劳财宝乐园,麦当劳财宝乐园.zip,mai dang lao cai bao le yuan.zip
迈克尔杰克逊月球漫步,迈克尔杰克逊月球漫步.zip,mai ke er jie ke xun yue qiu man bu.zip
漫画地带,漫画地带.zip,man hua di dai.zip
美少女战士,美少女战士.zip,mei shao nv zhan shi.zip
梦幻模拟战1简易版,梦幻模拟战1简易版.zip,meng huan mo ni zhan 1 jian yi ban.zip
梦幻模拟战2简易版,梦幻模拟战2简易版.zip,meng huan mo ni zhan 2 jian yi ban.zip
梦幻模拟战2,梦幻模拟战2.zip,meng huan mo ni zhan 2.zip
梦幻战士1,梦幻战士1.zip,meng huan zhan shi 1.zip
梦幻战士3,梦幻战士3.zip,meng huan zhan shi 3.zip
蒙纳克皇族,蒙纳克皇族.zip,meng na ke huang zu.zip
米老鼠幻影城堡,米老鼠幻影城堡.zip,mi lao shu huan ying cheng bao.zip
魔导物语,魔导物语.zip,mo dao wu yu.zip
魔物猎人妖子,魔物猎人妖子.zip,mo wu lie ren yao zi.zip
鸟人战机,鸟人战机.zip,niao ren zhan ji.zip
怒之铁拳1,怒之铁拳1.zip,nu zhi tie quan 1.zip
怒之铁拳2 Ultra2019,怒之铁拳2 Ultra2019.zip,nu zhi tie quan 2 Ultra2019.zip
怒之铁拳2 汉娜版,怒之铁拳2 汉娜版.zip,nu zhi tie quan 2 han na ban.zip
怒之铁拳2 街霸4大天王版,怒之铁拳2 街霸4大天王版.zip,nu zhi tie quan 2 jie ba 4 da tian wang ban.zip
怒之铁拳2 快打旋风版,怒之铁拳2 快打旋风版.zip,nu zhi tie quan 2 kuai da xuan feng ban.zip
怒之铁拳2 裸版,怒之铁拳2 裸版.zip,nu zhi tie quan 2 luo ban.zip
怒之铁拳2 美少女战士版,怒之铁拳2 美少女战士版.zip,nu zhi tie quan 2 mei shao nv zhan shi ban.zip
怒之铁拳2 女格斗士,怒之铁拳2 女格斗士.zip,nu zhi tie quan 2 nv ge dou shi.zip
怒之铁拳2 女孩天堂全屏,怒之铁拳2 女孩天堂全屏.zip,nu zhi tie quan 2 nv hai tian tang quan ping.zip
怒之铁拳2 夏尔米版,怒之铁拳2 夏尔米版.zip,nu zhi tie quan 2 xia er mi ban.zip
怒之铁拳2 英雄出击,怒之铁拳2 英雄出击.zip,nu zhi tie quan 2 ying xiong chu ji.zip
怒之铁拳2 真人快打版,怒之铁拳2 真人快打版.zip,nu zhi tie quan 2 zhen ren kuai da ban.zip
怒之铁拳2 终极斗士,怒之铁拳2 终极斗士.zip,nu zhi tie quan 2 zhong ji dou shi.zip
怒之铁拳3 7人无敌,怒之铁拳3 7人无敌.zip,nu zhi tie quan 3 7 ren wu di.zip
怒之铁拳3 机关版,怒之铁拳3 机关版.zip,nu zhi tie quan 3 ji guan ban.zip
怒之铁拳3 战斗狂怒版,怒之铁拳3 战斗狂怒版.zip,nu zhi tie quan 3 zhan dou kuang nu ban.zip
泡泡与史威克,泡泡与史威克.zip,pao pao yu shi wei ke.zip
蚯蚓战士2,蚯蚓战士2.zip,qiu yin zhan shi 2.zip
忍者神龟 斯莱德的再次复仇 黄帽版,忍者神龟 斯莱德的再次复仇 黄帽版.zip,ren zhe shen gui si lai de de zai ci fu chou huang mao ban.zip
忍者神龟 斯莱德的再次复仇,忍者神龟 斯莱德的再次复仇.zip,ren zhe shen gui si lai de de zai ci fu chou.zip
忍者神龟,忍者神龟.zip,ren zhe shen gui.zip
忍者蛙与双截龙强化,忍者蛙与双截龙强化.zip,ren zhe wa yu shuang jie long qiang hua.zip
忍者蛙与双截龙,忍者蛙与双截龙.zip,ren zhe wa yu shuang jie long.zip
三国志3,三国志3.zip,san guo zhi 3.zip
森林守护者,森林守护者.zip,sen lin shou hu zhe.zip
森林王子,森林王子.zip,sen lin wang zi.zip
杀虫战记,杀虫战记.zip,sha chong zhan ji.zip
闪电出击2,闪电出击2.zip,shan dian chu ji 2.zip
闪电出击3,闪电出击3.zip,shan dian chu ji 3.zip
闪电出击4,闪电出击4.zip,shan dian chu ji 4.zip
神圣战机,神圣战机.zip,shen sheng zhan ji.zip
生化战机,生化战机.zip,sheng hua zhan ji.zip
世嘉银河战士,世嘉银河战士.zip,shi jia yin he zhan shi.zip
时空异变,时空异变.zip,shi kong yi bian.zip
失落的世界,失落的世界.zip,shi luo de shi jie.zip
狮子王,狮子王.zip,shi zi wang.zip
水浒风云传,水浒风云传.zip,shui hu feng yun chuan.zip
死之迷宫,死之迷宫.zip,si zhi mi gong.zip
松鼠鲁兹,松鼠鲁兹.zip,song shu lu zi.zip
索尼克3D,索尼克3D.zip,suo ni ke 3D.zip
天使之翼,天使之翼.zip,tian shi zhi yi.zip
铁钩船长,铁钩船长.zip,tie gou chuan zhang.zip
兔宝宝历险记,兔宝宝历险记.zip,tu bao bao li xian ji.zip
午夜出击,午夜出击.zip,wu ye chu ji.zip
武者ALESTE,武者ALESTE.zip,wu zhe ALESTE.zip
武装刑警ESWAT,武装刑警ESWAT.zip,wu zhuang xing jing ESWAT.zip
新创世纪,新创世纪.zip,xin chuang shi ji.zip
星际枪骑兵,星际枪骑兵.zip,xing ji qiang qi bing.zip
幸运兄弟,幸运兄弟.zip,xing yun xiong di.zip
旋风狗泰兹,旋风狗泰兹.zip,xuan feng gou tai zi.zip
旋风女战士,旋风女战士.zip,xuan feng nv zhan shi.zip
雪人兄弟,雪人兄弟.zip,xue ren xiong di.zip
杨家将,杨家将.zip,yang jia jiang.zip
野马战机,野马战机.zip,ye ma zhan ji.zip
翼人,翼人.zip,yi ren.zip
异形3,异形3.zip,yi xing 3.zip
异形风暴,异形风暴.zip,yi xing feng bao.zip
异形战士汉化版,异形战士汉化版.zip,yi xing zhan shi han hua ban.zip
异形战士,异形战士.zip,yi xing zhan shi.zip
元素支配者,元素支配者.zip,yuan su zhi pei zhe.zip
战场之狼,战场之狼.zip,zhan chang zhi lang.zip
战斗玛利亚,战斗玛利亚.zip,zhan dou ma li ya.zip
战斗原始人,战斗原始人.zip,zhan dou yuan shi ren.zip
真实的谎言,真实的谎言.zip,zhen shi de huang yan.zip
终结者2,终结者2.zip,zhong jie zhe 2.zip
捉虫英雄,捉虫英雄.zip,zhuo chong ying xiong.zip
捉鬼敢死队,捉鬼敢死队.zip,zhuo gui gan si dui.zip
