暴力摩托,暴力摩托.chd,bao li mo tuo.chd
蝙蝠侠归来,蝙蝠侠归来.chd,bian fu xia gui lai.chd
啵咕物语,啵咕物语.chd,bo gu wu yu.chd
道路复仇者,道路复仇者.chd,dao lu fu chou zhe.chd
地下城探险家,地下城探险家.chd,di xia cheng tan xian jia.chd
光明力量,光明力量.chd,guang ming li liang.chd
海豚历险记1,海豚历险记1.chd,hai tun li xian ji 1.chd
海豚历险记2,海豚历险记2.chd,hai tun li xian ji 2.chd
猴岛小英雄,猴岛小英雄.chd,hou dao xiao ying xiong.chd
毁灭者,毁灭者.chd,hui mie zhe.chd
机甲突袭,机甲突袭.chd,ji jia tu xi.chd
恐慌,恐慌.chd,kong huang.chd
快打旋风,快打旋风.chd,kuai da xuan feng.chd
拦截者,拦截者.chd,lan jie zhe.chd
雷鹰,雷鹰.chd,lei ying.chd
流星之铠,流星之铠.chd,liu xing zhi kai.chd
龙穴,龙穴.chd,long xue.chd
龙之崛起,龙之崛起.chd,long zhi jue qi.chd
露娜1 银河之星,露娜1 银河之星.chd,lu na 1 yin he zhi xing.chd
露娜2 永恒之蓝,露娜2 永恒之蓝.chd,lu na 2 yong heng zhi lan.chd
梦见馆物语,梦见馆物语.chd,meng jian guan wu yu.chd
魔法少女莉普,魔法少女莉普.chd,mo fa shao nv li pu.chd
庆应游击队,庆应游击队.chd,qing ying you ji dui.chd
时空女孩,时空女孩.chd,shi kong nv hai.chd
索尼克,索尼克.chd,suo ni ke.chd
太空海盗哥普拉,太空海盗哥普拉.chd,tai kong hai dao ge pu la.chd
天使之翼,天使之翼.chd,tian shi zhi yi.chd
午夜出击,午夜出击.chd,wu ye chu ji.chd
午夜陷阱,午夜陷阱.chd,wu ye xian jing.chd
星魂,星魂.chd,xing hun.chd
星际之刃,星际之刃.chd,xing ji zhi ren.chd
银星战机,银星战机.chd,yin xing zhan ji.chd
英雄,英雄.chd,ying xiong.chd
蜘蛛侠对抗金并,蜘蛛侠对抗金并.chd,zhi zhu xia dui kang jin bing.chd
终结者,终结者.chd,zhong jie zhe.chd
