NEO机皇杯足球98 PLUS,NEO机皇杯足球98 PLUS.zip,NEO ji huang bei zu qiu 98 PLUS.zip
NEO机皇杯足球98,NEO机皇杯足球98.zip,NEO ji huang bei zu qiu 98.zip
Neo 21点 皇家赌场系列,Neo 21点 皇家赌场系列.zip,Neo 21 dian huang jia du chang xi lie.zip
Neo 百家乐 皇家赌场系列,Neo 百家乐 皇家赌场系列.zip,Neo bai jia le huang jia du chang xi lie.zip
Neo 老虎机大师 真实赌场系列,Neo 老虎机大师 真实赌场系列.zip,Neo lao hu ji da shi zhen shi du chang xi lie.zip
Neo 扑克大师 真实赌场系列,Neo 扑克大师 真实赌场系列.zip,Neo pu ke da shi zhen shi du chang xi lie.zip
Neo 赛马大师,Neo 赛马大师.zip,Neo sai ma da shi.zip
NeoPoke 棒球,NeoPoke 棒球.zip,NeoPoke bang qiu.zip
SNK vs Capcom 卡牌斗士1 CAPCOM篇 汉化版,SNK vs Capcom 卡牌斗士1 CAPCOM篇 汉化版.zip,SNK vs Capcom ka pai dou shi 1 CAPCOM pian han hua ban.zip
SNK vs Capcom 卡牌斗士1 SNK篇 汉化版,SNK vs Capcom 卡牌斗士1 SNK篇 汉化版.zip,SNK vs Capcom ka pai dou shi 1 SNK pian han hua ban.zip
SNK vs Capcom 卡牌斗士2,SNK vs Capcom 卡牌斗士2.zip,SNK vs Capcom ka pai dou shi 2.zip
SNK vs Capcom 千禧之战 汉化版 HACK,SNK vs Capcom 千禧之战 汉化版 HACK.zip,SNK vs Capcom qian xi zhi zhan han hua ban HACK.zip
SNK vs Capcom 千禧之战 汉化版,SNK vs Capcom 千禧之战 汉化版.zip,SNK vs Capcom qian xi zhi zhan han hua ban.zip
棒球之星,棒球之星.zip,bang qiu zhi xing.zip
超写真麻将,超写真麻将.zip,chao xie zhen ma jiang.zip
吃豆人,吃豆人.zip,chi dou ren.zip
大联盟高尔夫球,大联盟高尔夫球.zip,da lian meng gao er fu qiu.zip
电车GO! 2,电车GO! 2.zip,dian che GO! 2.zip
饿狼传说,饿狼传说.zip,e lang chuan shuo.zip
法赛雷,法赛雷.zip,fa sai lei.zip
古惑轮滑,古惑轮滑.zip,gu huo lun hua.zip
合金弹头 1号任务 HACK,合金弹头 1号任务 HACK.zip,he jin dan tou 1 hao ren wu HACK.zip
合金弹头 1号任务,合金弹头 1号任务.zip,he jin dan tou 1 hao ren wu.zip
合金弹头 2号任务 HACK,合金弹头 2号任务 HACK.zip,he jin dan tou 2 hao ren wu HACK.zip
合金弹头 2号任务,合金弹头 2号任务.zip,he jin dan tou 2 hao ren wu.zip
黑暗兵器 野兽梦魇 汉化版 HACK,黑暗兵器 野兽梦魇 汉化版 HACK.zip,hei an bing qi ye shou meng yan han hua ban HACK.zip
黑暗兵器 野兽梦魇 汉化版,黑暗兵器 野兽梦魇 汉化版.zip,hei an bing qi ye shou meng yan han hua ban.zip
皇家骑士团外传  赞诺比亚的皇子 汉化版,皇家骑士团外传  赞诺比亚的皇子 汉化版.zip,huang jia qi shi tuan wai zhuan zan nuo bi ya de huang zi han hua ban.zip
绘画拼图,绘画拼图.zip,hui hua pin tu.zip
机甲世纪1,机甲世纪1.zip,ji jia shi ji 1.zip
机甲世纪2,机甲世纪2.zip,ji jia shi ji 2.zip
加油!NGP君,加油!NGP君.zip,jia you !NGP jun.zip
将棋达人,将棋达人.zip,jiang qi da ren.zip
聚会邮扑克,聚会邮扑克.zip,ju hui you pu ke.zip
口袋黑白棋,口袋黑白棋.zip,kou dai hei bai qi.zip
口袋酷滑板,口袋酷滑板.zip,kou dai ku hua ban.zip
口袋帕青哥必胜法,口袋帕青哥必胜法.zip,kou dai pa qing ge bi sheng fa.zip
口袋帕青嫂王国 Azteca,口袋帕青嫂王国 Azteca.zip,kou dai pa qing sao wang guo Azteca.zip
口袋帕青嫂王国 DH2,口袋帕青嫂王国 DH2.zip,kou dai pa qing sao wang guo DH2.zip
口袋帕青嫂王国 Delsol 2,口袋帕青嫂王国 Delsol 2.zip,kou dai pa qing sao wang guo Delsol 2.zip
口袋帕青嫂王国 E cup,口袋帕青嫂王国 E cup.zip,kou dai pa qing sao wang guo E cup.zip
口袋帕青嫂王国 Oohanabi,口袋帕青嫂王国 Oohanabi.zip,kou dai pa qing sao wang guo Oohanabi.zip
口袋帕青嫂王国 Porcano 2,口袋帕青嫂王国 Porcano 2.zip,kou dai pa qing sao wang guo Porcano 2.zip
口袋帕青嫂王国 Ward Of Lights,口袋帕青嫂王国 Ward Of Lights.zip,kou dai pa qing sao wang guo Ward Of Lights.zip
口袋网球,口袋网球.zip,kou dai wang qiu.zip
酷酷!杰姆,酷酷!杰姆.zip,ku ku ! jie mu.zip
老虎机,老虎机.zip,lao hu ji.zip
联结方块1,联结方块1.zip,lian jie fang kuai 1.zip
联结方块2,联结方块2.zip,lian jie fang kuai 2.zip
龙之荒野,龙之荒野.zip,long zhi huang ye.zip
洛克人 热斗战士,洛克人 热斗战士.zip,luo ke ren re dou zhan shi.zip
迷宫逃脱,迷宫逃脱.zip,mi gong tao tuo.zip
迷你戀情if,迷你戀情if.zip,mi ni lian qing if.zip
棉花小魔女,棉花小魔女.zip,mian hua xiao mo nv.zip
魔法宝石,魔法宝石.zip,mo fa bao shi.zip
目标!汉字王,目标!汉字王.zip,mu biao ! han zi wang.zip
泡泡龙,泡泡龙.zip,pao pao long.zip
噗哟噗哟通,噗哟噗哟通.zip,pu yo pu yo tong.zip
秋之回忆,秋之回忆.zip,qiu zhi hui yi.zip
拳皇 R1 HACK,拳皇 R1 HACK.zip,quan huang R1 HACK.zip
拳皇 R1,拳皇 R1.zip,quan huang R1.zip
拳皇 R2 HACK,拳皇 R2 HACK.zip,quan huang R2 HACK.zip
拳皇 R2,拳皇 R2.zip,quan huang R2.zip
拳皇 少女格斗家 HACK,拳皇 少女格斗家 HACK.zip,quan huang shao nv ge dou jia HACK.zip
拳皇 少女格斗家,拳皇 少女格斗家.zip,quan huang shao nv ge dou jia.zip
拳皇 战斗天堂,拳皇 战斗天堂.zip,quan huang zhan dou tian tang.zip
三角变形,三角变形.zip,san jiao bian xing.zip
上海,上海.zip,shang hai.zip
神机世界 进化,神机世界 进化.zip,shen ji shi jie jin hua.zip
侍魂1,侍魂1.zip,shi hun 1.zip
侍魂2,侍魂2.zip,shi hun 2.zip
索尼克 口袋冒险,索尼克 口袋冒险.zip,suo ni ke kou dai mao xian.zip
无限治愈,无限治愈.zip,wu xian zhi yu.zip
下潜警报 贝基篇,下潜警报 贝基篇.zip,xia qian jing bao bei ji pian.zip
下潜警报 马特篇,下潜警报 马特篇.zip,xia qian jing bao ma te pian.zip
仙魔大战2000,仙魔大战2000.zip,xian mo da zhan 2000.zip
小瓜子成长日记,小瓜子成长日记.zip,xiao gua zi cheng zhang ri ji.zip
妖怪写真馆,妖怪写真馆.zip,yao guai xie zhen guan.zip
月华剑士,月华剑士.zip,yue hua jian shi.zip
在此挑战!花牌道场,在此挑战!花牌道场.zip,zai ci tiao zhan ! hua pai dao chang.zip
职业棒球,职业棒球.zip,zhi ye bang qiu.zip
职业摔跤大赛,职业摔跤大赛.zip,zhi ye shuai jiao da sai.zip
どこでも麻雀,どこでも麻雀.zip,どこでも ma que.zip
コイコイ麻雀,コイコイ麻雀.zip,コイコイ ma que.zip
