1943改,1943改.pce,1943 gai.pce
F1大赛车,F1大赛车.pce,F1 da sai che.pce
F1竞技场92 音速,F1竞技场92 音速.pce,F1 jing ji chang 92 yin su.pce
PC电人,PC电人.pce,PC dian ren.pce
PC原人1,PC原人1.pce,PC yuan ren 1.pce
PC原人2,PC原人2.pce,PC yuan ren 2.pce
PC原人3,PC原人3.pce,PC yuan ren 3.pce
Q版沙罗曼蛇,Q版沙罗曼蛇.pce,Q ban sha luo man she.pce
爆笑人,爆笑人.pce,bao xiao ren.pce
兵蜂,兵蜂.pce,bing feng.pce
超级网球,超级网球.pce,chao ji wang qiu.pce
超级星际战士,超级星际战士.pce,chao ji xing ji zhan shi.pce
成龙之龙,成龙之龙.pce,cheng long zhi long.pce
城市猎人,城市猎人.pce,cheng shi lie ren.pce
吃豆人,吃豆人.pce,chi dou ren.pce
冲破火网2,冲破火网2.pce,chong po huo wang 2.pce
大地纹章,大地纹章.pce,da di wen zhang.pce
大魔界村,大魔界村.pce,da mo jie cun.pce
大旋风,大旋风.pce,da xuan feng.pce
地狱之旅,地狱之旅.pce,di yu zhi lv.pce
电脑小奇侠,电脑小奇侠.pce,dian nao xiao qi xia.pce
都市计划,都市计划.pce,du shi ji hua.pce
夺命战士2,夺命战士2.pce,duo ming zhan shi 2.pce
飞装骑兵,飞装骑兵.pce,fei zhuang qi bing.pce
腐尸之屋,腐尸之屋.pce,fu shi zhi wu.pce
改造超人1,改造超人1.pce,gai zao chao ren 1.pce
改造超人2,改造超人2.pce,gai zao chao ren 2.pce
功夫,功夫.pce,gong fu.pce
工人战记,工人战记.pce,gong ren zhan ji.pce
户外大飙车,户外大飙车.pce,hu wai da biao che.pce
虎之路,虎之路.pce,hu zhi lu.pce
机战兵团,机战兵团.pce,ji zhan bing tuan.pce
街头霸王2 冠军版,街头霸王2 冠军版.pce,jie tou ba wang 2 guan jun ban.pce
究极虎,究极虎.pce,jiu ji hu.pce
卡达叙传说,卡达叙传说.pce,ka da xu chuan shuo.pce
雷电,雷电.pce,lei dian.pce
龙魂,龙魂.pce,long hun.pce
龙之刃,龙之刃.pce,long zhi ren.pce
冒险岛,冒险岛.pce,mao xian dao.pce
美国职业篮球,美国职业篮球.pce,mei guo zhi ye lan qiu.pce
梦幻战机,梦幻战机.pce,meng huan zhan ji.pce
迷宫塔,迷宫塔.pce,mi gong ta.pce
魔动王,魔动王.pce,mo dong wang.pce
魔洞战记,魔洞战记.pce,mo dong zhan ji.pce
魔法大追击,魔法大追击.pce,mo fa da zhui ji.pce
魔境传说1,魔境传说1.pce,mo jing chuan shuo 1.pce
魔境传说2,魔境传说2.pce,mo jing chuan shuo 2.pce
魔神英雄传,魔神英雄传.pce,mo shen ying xiong chuan.pce
女武神传说,女武神传说.pce,nv wu shen chuan shuo.pce
欧坦救美,欧坦救美.pce,ou tan jiu mei.pce
霹雳风云,霹雳风云.pce,pi li feng yun.pce
霹雳游侠,霹雳游侠.pce,pi li you xia.pce
凄狂传说,凄狂传说.pce,qi kuang chuan shuo.pce
奇奇怪界,奇奇怪界.pce,qi qi guai jie.pce
青色杜马,青色杜马.pce,qing se du ma.pce
燃烧天使,燃烧天使.pce,ran shao tian shi.pce
热血高校躲避球部 PC番外篇,热血高校躲避球部 PC番外篇.pce,re xue gao xiao duo bi qiu bu PC fan wai pian.pce
热血高校躲避球部 PC足球篇,热血高校躲避球部 PC足球篇.pce,re xue gao xiao duo bi qiu bu PC zu qiu pian.pce
忍者龙剑传,忍者龙剑传.pce,ren zhe long jian chuan.pce
沙罗曼蛇,沙罗曼蛇.pce,sha luo man she.pce
射击天狗,射击天狗.pce,she ji tian gou.pce
神奇女孩,神奇女孩.pce,shen qi nv hai.pce
世界冒险记1,世界冒险记1.pce,shi jie mao xian ji 1.pce
世界冒险记2,世界冒险记2.pce,shi jie mao xian ji 2.pce
兽王记,兽王记.pce,shou wang ji.pce
太极球,太极球.pce,tai ji qiu.pce
太空哈利,太空哈利.pce,tai kong ha li.pce
太空侵略者 复活之日,太空侵略者 复活之日.pce,tai kong qin lve zhe fu huo zhi ri.pce
太空战斗机Plus,太空战斗机Plus.pce,tai kong zhan dou ji Plus.pce
汤姆历险记,汤姆历险记.pce,tang mu li xian ji.pce
桃太郎传说1 加强版,桃太郎传说1 加强版.pce,tao tai lang chuan shuo 1 jia qiang ban.pce
桃太郎传说2,桃太郎传说2.pce,tao tai lang chuan shuo 2.pce
西游记2,西游记2.pce,xi you ji 2.pce
小蜜蜂88,小蜜蜂88.pce,xiao mi feng 88.pce
邪圣剑,邪圣剑.pce,xie sheng jian.pce
新冒险岛,新冒险岛.pce,xin mao xian dao.pce
血狼,血狼.pce,xue lang.pce
妖怪道中记,妖怪道中记.pce,yao guai dao zhong ji.pce
宇宙双鹰,宇宙双鹰.pce,yu zhou shuang ying.pce
宇宙巡航机,宇宙巡航机.pce,yu zhou xun hang ji.pce
源平讨魔传系列卷二,源平讨魔传系列卷二.pce,yuan ping tao mo chuan xi lie juan er.pce
炸弹人93,炸弹人93.pce,zha dan ren 93.pce
炸弹人94,炸弹人94.pce,zha dan ren 94.pce
炸弹人,炸弹人.pce,zha dan ren.pce
战斗神兵,战斗神兵.pce,zhan dou shen bing.pce
遮阳伞之星,遮阳伞之星.pce,zhe yang san zhi xing.pce
终级赛车,终级赛车.pce,zhong ji sai che.pce
追踪H.Q.,追踪H.Q..pce,zhui zong H.Q..pce
最后的忍道,最后的忍道.pce,zui hou de ren dao.pce
最终战机,最终战机.pce,zui zhong zhan ji.pce
