GT赛车4 HACK,GT赛车4 HACK.chd,GT sai che 4 HACK.chd
Neogeo 真竞技场 HACK,Neogeo 真竞技场 HACK.chd,Neogeo zhen jing ji chang HACK.chd
北斗神拳 HACK,北斗神拳 HACK.chd,bei dou shen quan HACK.chd
波斯王子1 时之沙 HACK,波斯王子1 时之沙 HACK.chd,bo si wang zi 1 shi zhi sha HACK.chd
彩京射击游戏合集1 HACK,彩京射击游戏合集1 HACK.chd,cai jing she ji you xi he ji 1 HACK.chd
彩京射击游戏合集2 HACK,彩京射击游戏合集2 HACK.chd,cai jing she ji you xi he ji 2 HACK.chd
彩京射击游戏合集3 HACK,彩京射击游戏合集3 HACK.chd,cai jing she ji you xi he ji 3 HACK.chd
超级机器人大战OGS  HACK,超级机器人大战OGS  HACK.chd,chao ji ji qi ren da zhan OGS HACK.chd
超越2006海岸 HACK,超越2006海岸 HACK.chd,chao yue 2006 hai an HACK.chd
冲破火网2 HACK,冲破火网2 HACK.chd,chong po huo wang 2 HACK.chd
第三次机器人大战α HACK,第三次机器人大战α HACK.chd,di san ci ji qi ren da zhan α HACK.chd
斗鱼 HACK,斗鱼 HACK.chd,dou yu HACK.chd
多罗罗 HACK,多罗罗 HACK.chd,duo luo luo HACK.chd
鬼泣3 但丁的觉醒 特别版 HACK,鬼泣3 但丁的觉醒 特别版 HACK.chd,gui qi 3 dan ding de jue xing te bie ban HACK.chd
鬼武者1 HACK,鬼武者1 HACK.chd,gui wu zhe 1 HACK.chd
鬼武者2 HACK,鬼武者2 HACK.chd,gui wu zhe 2 HACK.chd
鬼武者3 HACK,鬼武者3 HACK.chd,gui wu zhe 3 HACK.chd
合金弹头3D HACK,合金弹头3D HACK.chd,he jin dan tou 3D HACK.chd
合金装备2 自由之子 HACK,合金装备2 自由之子 HACK.chd,he jin zhuang bei 2 zi you zhi zi HACK.chd
激斗摔跤2 HACK,激斗摔跤2 HACK.chd,ji dou shuai jiao 2 HACK.chd
极品飞车10 生死卡本谷 HACK,极品飞车10 生死卡本谷 HACK.chd,ji pin fei che 10 sheng si ka ben gu HACK.chd
极品飞车12 无间风云 HACK,极品飞车12 无间风云 HACK.chd,ji pin fei che 12 wu jian feng yun HACK.chd
极品飞车9 最高通缉 HACK,极品飞车9 最高通缉 HACK.chd,ji pin fei che 9 zui gao tong ji HACK.chd
街霸EX3 HACK,街霸EX3 HACK.chd,jie ba EX3 HACK.chd
卡普空大乱斗 HACK,卡普空大乱斗 HACK.chd,ka pu kong da luan dou HACK.chd
快打刑事 HACK,快打刑事 HACK.chd,kuai da xing shi HACK.chd
雷鸟6 HACK,雷鸟6 HACK.chd,lei niao 6 HACK.chd
零 HACK,零 HACK.chd,ling HACK.chd
零 刺青之声 HACK,零 刺青之声 HACK.chd,ling ci qing zhi sheng HACK.chd
洛克人X合集 HACK,洛克人X合集 HACK.chd,luo ke ren X he ji HACK.chd
麻雀派对 HACK,麻雀派对 HACK.chd,ma que pai dui HACK.chd
南梦宫 VS 卡普空 HACK,南梦宫 VS 卡普空 HACK.chd,nan meng gong VS ka pu kong HACK.chd
怒首领蜂 大往生 HACK,怒首领蜂 大往生 HACK.chd,nu shou ling feng da wang sheng HACK.chd
女忍 HACK,女忍 HACK.chd,nv ren HACK.chd
拳皇94 REBOUT HACK,拳皇94 REBOUT HACK.chd,quan huang 94 REBOUT HACK.chd
拳皇98 UM HACK,拳皇98 UM HACK.chd,quan huang 98 UM HACK.chd
拳皇XI HACK,拳皇XI HACK.chd,quan huang XI HACK.chd
拳皇 新浪潮 HACK,拳皇 新浪潮 HACK.chd,quan huang xin lang chao HACK.chd
热爱射击 HACK,热爱射击 HACK.chd,re ai she ji HACK.chd
忍者神龟 HACK,忍者神龟 HACK.chd,ren zhe shen gui HACK.chd
圣斗士星矢 圣域十二宫篇 HACK,圣斗士星矢 圣域十二宫篇 HACK.chd,sheng dou shi xing shi sheng yu shi er gong pian HACK.chd
生化危机4 HACK,生化危机4 HACK.chd,sheng hua wei ji 4 HACK.chd
生化危机 爆发2 HACK,生化危机 爆发2 HACK.chd,sheng hua wei ji bao fa 2 HACK.chd
侍魂6 天下第一剑 HACK,侍魂6 天下第一剑 HACK.chd,shi hun 6 tian xia di yi jian HACK.chd
兽王记 HACK,兽王记 HACK.chd,shou wang ji HACK.chd
天诛红 HACK,天诛红 HACK.chd,tian zhu hong HACK.chd
翼神 HACK,翼神 HACK.chd,yi shen HACK.chd
异形对铁血战士 灭绝 HACK,异形对铁血战士 灭绝 HACK.chd,yi xing dui tie xue zhan shi mie jue HACK.chd
异形战机 最终版 HACK,异形战机 最终版 HACK.chd,yi xing zhan ji zui zhong ban HACK.chd
樱花大战5 荒野的少女武士 HACK,樱花大战5 荒野的少女武士 HACK.chd,ying hua da zhan 5 huang ye de shao nv wu shi HACK.chd
宇宙巡航机 HACK,宇宙巡航机 HACK.chd,yu zhou xun hang ji HACK.chd
战国BASARA 2 HACK,战国BASARA 2 HACK.chd,zhan guo BASARA 2 HACK.chd
战国BASARA 2 英雄外传 HACK,战国BASARA 2 英雄外传 HACK.chd,zhan guo BASARA 2 ying xiong wai zhuan HACK.chd
战国BASARA HACK,战国BASARA HACK.chd,zhan guo BASARA HACK.chd
战国BASARA X HACK,战国BASARA X HACK.chd,zhan guo BASARA X HACK.chd
真魂斗罗 破碎战士 HACK,真魂斗罗 破碎战士 HACK.chd,zhen hun dou luo po sui zhan shi HACK.chd
真三国无双2 HACK,真三国无双2 HACK.chd,zhen san guo wu shuang 2 HACK.chd
钟楼3 HACK,钟楼3 HACK.chd,zhong lou 3 HACK.chd
重装机兵 沙尘之锁 HACK,重装机兵 沙尘之锁 HACK.chd,zhong zhuang ji bing sha chen zhi suo HACK.chd
紫炎龙2D+3D HACK,紫炎龙2D+3D HACK.chd,zi yan long 2D+3D HACK.chd
