ACT BB鸟 大野狼与BB鸟,ACT BB鸟 大野狼与BB鸟.zip,ACT BB niao da ye lang yu BB niao.zip
ACT BB鸟,ACT BB鸟.zip,ACT BB niao.zip
ACT CB世界,ACT CB世界.zip,ACT CB shi jie.zip
ACT GS美神,ACT GS美神.zip,ACT GS mei shen.zip
ACT SD英雄大战3,ACT SD英雄大战3.zip,ACT SD ying xiong da zhan 3.zip
ACT SD英雄大战外传2,ACT SD英雄大战外传2.zip,ACT SD ying xiong da zhan wai zhuan 2.zip
ACT X战警 变种末世录,ACT X战警 变种末世录.zip,ACT X zhan jing bian zhong mo shi lu.zip
ACT 阿拉丁,ACT 阿拉丁.zip,ACT a la ding.zip
ACT 邦卡猫大冒险,ACT 邦卡猫大冒险.zip,ACT bang ka mao da mao xian.zip
ACT 鲍比的世界,ACT 鲍比的世界.zip,ACT bao bi de shi jie.zip
ACT 暴力刑警,ACT 暴力刑警.zip,ACT bao li xing jing.zip
ACT 蝙蝠侠重现江湖,ACT 蝙蝠侠重现江湖.zip,ACT bian fu xia chong xian jiang hu.zip
ACT 蝙蝠侠与罗宾的大冒险,ACT 蝙蝠侠与罗宾的大冒险.zip,ACT bian fu xia yu luo bin de da mao xian.zip
ACT 变相怪杰,ACT 变相怪杰.zip,ACT bian xiang guai jie.zip
ACT 兵蜂,ACT 兵蜂.zip,ACT bing feng.zip
ACT 波斯王子,ACT 波斯王子.zip,ACT bo si wang zi.zip
ACT 超级大金刚1,ACT 超级大金刚1.zip,ACT chao ji da jin gang 1.zip
ACT 超级大金刚2,ACT 超级大金刚2.zip,ACT chao ji da jin gang 2.zip
ACT 超级大金刚3,ACT 超级大金刚3.zip,ACT chao ji da jin gang 3.zip
ACT 超级恶魔城4,ACT 超级恶魔城4.zip,ACT chao ji e mo cheng 4.zip
ACT 超级马里奥全明星+世界强化,ACT 超级马里奥全明星+世界强化.zip,ACT chao ji ma li ao quan ming xing + shi jie qiang hua.zip
ACT 超级马里奥全明星,ACT 超级马里奥全明星.zip,ACT chao ji ma li ao quan ming xing.zip
ACT 超级马里奥世界强化,ACT 超级马里奥世界强化.zip,ACT chao ji ma li ao shi jie qiang hua.zip
ACT 超级马里奥世界无敌,ACT 超级马里奥世界无敌.zip,ACT chao ji ma li ao shi jie wu di.zip
ACT 超级冒险岛1,ACT 超级冒险岛1.zip,ACT chao ji mao xian dao 1.zip
ACT 超级冒险岛2,ACT 超级冒险岛2.zip,ACT chao ji mao xian dao 2.zip
ACT 超级梦幻战士4,ACT 超级梦幻战士4.zip,ACT chao ji meng huan zhan shi 4.zip
ACT 超级星球大战帝国反击,ACT 超级星球大战帝国反击.zip,ACT chao ji xing qiu da zhan di guo fan ji.zip
ACT 超级星球大战绝地归来,ACT 超级星球大战绝地归来.zip,ACT chao ji xing qiu da zhan jue di gui lai.zip
ACT 超级原人1,ACT 超级原人1.zip,ACT chao ji yuan ren 1.zip
ACT 超级原人2,ACT 超级原人2.zip,ACT chao ji yuan ren 2.zip
ACT 超人,ACT 超人.zip,ACT chao ren.zip
ACT 传说战士,ACT 传说战士.zip,ACT chuan shuo zhan shi.zip
ACT 大盗伍佑卫门1,ACT 大盗伍佑卫门1.zip,ACT da dao wu you wei men 1.zip
ACT 大盗伍佑卫门2,ACT 大盗伍佑卫门2.zip,ACT da dao wu you wei men 2.zip
ACT 大盗伍佑卫门3,ACT 大盗伍佑卫门3.zip,ACT da dao wu you wei men 3.zip
ACT 大盗伍佑卫门4,ACT 大盗伍佑卫门4.zip,ACT da dao wu you wei men 4.zip
ACT 大力工头阿源君,ACT 大力工头阿源君.zip,ACT da li gong tou a yuan jun.zip
ACT 第一武士,ACT 第一武士.zip,ACT di yi wu shi.zip
ACT 电精强化版,ACT 电精强化版.zip,ACT dian jing qiang hua ban.zip
ACT 电精,ACT 电精.zip,ACT dian jing.zip
ACT 恶魔城XX,ACT 恶魔城XX.zip,ACT e mo cheng XX.zip
ACT 恶魔少年1,ACT 恶魔少年1.zip,ACT e mo shao nian 1.zip
ACT 恶魔少年2,ACT 恶魔少年2.zip,ACT e mo shao nian 2.zip
ACT 恶魔少年3,ACT 恶魔少年3.zip,ACT e mo shao nian 3.zip
ACT 飞毛腿,ACT 飞毛腿.zip,ACT fei mao tui.zip
ACT 飞天蝙蝠2,ACT 飞天蝙蝠2.zip,ACT fei tian bian fu 2.zip
ACT 钢铁战士,ACT 钢铁战士.zip,ACT gang tie zhan shi.zip
ACT 古城救美,ACT 古城救美.zip,ACT gu cheng jiu mei.zip
ACT 怪兽之王1,ACT 怪兽之王1.zip,ACT guai shou zhi wang 1.zip
ACT 怪兽之王2,ACT 怪兽之王2.zip,ACT guai shou zhi wang 2.zip
ACT 怪物三人行,ACT 怪物三人行.zip,ACT guai wu san ren xing.zip
ACT 鬼神童子烈斗雷传,ACT 鬼神童子烈斗雷传.zip,ACT gui shen tong zi lie dou lei chuan.zip
ACT 黑水海盗,ACT 黑水海盗.zip,ACT hei shui hai dao.zip
ACT 火箭骑士,ACT 火箭骑士.zip,ACT huo jian qi shi.zip
ACT 机动战士高达V,ACT 机动战士高达V.zip,ACT ji dong zhan shi gao da V.zip
ACT 极恶双雄,ACT 极恶双雄.zip,ACT ji e shuang xiong.zip
ACT 机甲警察,ACT 机甲警察.zip,ACT ji jia jing cha.zip
ACT 迦楼罗王,ACT 迦楼罗王.zip,ACT jia lou luo wang.zip
ACT 假面骑士,ACT 假面骑士.zip,ACT jia mian qi shi.zip
ACT 金刚狼,ACT 金刚狼.zip,ACT jin gang lang.zip
ACT 绝岭雄风,ACT 绝岭雄风.zip,ACT jue ling xiong feng.zip
ACT 凯伦的疯狂追逐,ACT 凯伦的疯狂追逐.zip,ACT kai lun de feng kuang zhui zhu.zip
ACT 科学怪人的冒险,ACT 科学怪人的冒险.zip,ACT ke xue guai ren de mao xian.zip
ACT 恐龙王国大冒险,ACT 恐龙王国大冒险.zip,ACT kong long wang guo da mao xian.zip
ACT 恐龙战队电影版,ACT 恐龙战队电影版.zip,ACT kong long zhan dui dian ying ban.zip
ACT 恐龙战队,ACT 恐龙战队.zip,ACT kong long zhan dui.zip
ACT 快打刑事1,ACT 快打刑事1.zip,ACT kuai da xing shi 1.zip
ACT 快打刑事2 乱,ACT 快打刑事2 乱.zip,ACT kuai da xing shi 2 luan.zip
ACT 快打刑事3 修罗,ACT 快打刑事3 修罗.zip,ACT kuai da xing shi 3 xiu luo.zip
ACT 快打旋风1,ACT 快打旋风1.zip,ACT kuai da xuan feng 1.zip
ACT 快打旋风2,ACT 快打旋风2.zip,ACT kuai da xuan feng 2.zip
ACT 快打旋风3超级hack1,ACT 快打旋风3超级hack1.zip,ACT kuai da xuan feng 3 chao ji hack1.zip
ACT 快打旋风3超级hack2,ACT 快打旋风3超级hack2.zip,ACT kuai da xuan feng 3 chao ji hack2.zip
ACT 狂野特攻队,ACT 狂野特攻队.zip,ACT kuang ye te gong dui.zip
ACT 雷恩与史地皮1疯狂家庭,ACT 雷恩与史地皮1疯狂家庭.zip,ACT lei en yu shi di pi 1 feng kuang jia ting.zip
ACT 雷恩与史地皮2扭曲时间,ACT 雷恩与史地皮2扭曲时间.zip,ACT lei en yu shi di pi 2 niu qu shi jian.zip
ACT 雷克斯龙冒险,ACT 雷克斯龙冒险.zip,ACT lei ke si long mao xian.zip
ACT 龙王战士,ACT 龙王战士.zip,ACT long wang zhan shi.zip
ACT 露卡大冒险,ACT 露卡大冒险.zip,ACT lu ka da mao xian.zip
ACT 洛可的摩登生活,ACT 洛可的摩登生活.zip,ACT luo ke de mo deng sheng huo.zip
ACT 美丽新世界2,ACT 美丽新世界2.zip,ACT mei li xin shi jie 2.zip
ACT 美女与野兽,ACT 美女与野兽.zip,ACT mei nv yu ye shou.zip
ACT 美少女战士R,ACT 美少女战士R.zip,ACT mei shao nv zhan shi R.zip
ACT 美食战队,ACT 美食战队.zip,ACT mei shi zhan dui.zip
ACT 魅影,ACT 魅影.zip,ACT mei ying.zip
ACT 米奇狂热,ACT 米奇狂热.zip,ACT mi qi kuang re.zip
ACT 名将,ACT 名将.zip,ACT ming jiang.zip
ACT 摩登原始人,ACT 摩登原始人.zip,ACT mo deng yuan shi ren.zip
ACT 魔法大进击,ACT 魔法大进击.zip,ACT mo fa da jin ji.zip
ACT 魔法剑,ACT 魔法剑.zip,ACT mo fa jian.zip
ACT 魔剑道1,ACT 魔剑道1.zip,ACT mo jian dao 1.zip
ACT 魔力小马,ACT 魔力小马.zip,ACT mo li xiao ma.zip
ACT 南国少年,ACT 南国少年.zip,ACT nan guo shao nian.zip
ACT 庞克勇士,ACT 庞克勇士.zip,ACT pang ke yong shi.zip
ACT 皮克急速大冒险,ACT 皮克急速大冒险.zip,ACT pi ke ji su da mao xian.zip
ACT 奇多豹野外大冒险,ACT 奇多豹野外大冒险.zip,ACT qi duo bao ye wai da mao xian.zip
ACT 忍者龙剑传巴,ACT 忍者龙剑传巴.zip,ACT ren zhe long jian chuan ba.zip
ACT 忍者神龟4,ACT 忍者神龟4.zip,ACT ren zhe shen gui 4.zip
ACT 忍者蛙与双截龙,ACT 忍者蛙与双截龙.zip,ACT ren zhe wa yu shuang jie long.zip
ACT 忍者战士牙,ACT 忍者战士牙.zip,ACT ren zhe zhan shi ya.zip
ACT 闪灵悍将,ACT 闪灵悍将.zip,ACT shan ling han jiang.zip
ACT 少年邦德,ACT 少年邦德.zip,ACT shao nian bang de.zip
ACT 少年忍者佐助,ACT 少年忍者佐助.zip,ACT shao nian ren zhe zuo zhu.zip
ACT 神探加吉特,ACT 神探加吉特.zip,ACT shen tan jia ji te.zip
ACT 圣诞老人大进击,ACT 圣诞老人大进击.zip,ACT sheng dan lao ren da jin ji.zip
ACT 时空特警,ACT 时空特警.zip,ACT shi kong te jing.zip
ACT 史莱姆大冒险,ACT 史莱姆大冒险.zip,ACT shi lai mu da mao xian.zip
ACT 狮子王,ACT 狮子王.zip,ACT shi zi wang.zip
ACT 双截龙归来(超级双截龙),ACT 双截龙归来(超级双截龙).zip,ACT shuang jie long gui lai ( chao ji shuang jie long ).zip
ACT 松鼠大战,ACT 松鼠大战.zip,ACT song shu da zhan.zip
ACT 唐老鸭魔法之法螺,ACT 唐老鸭魔法之法螺.zip,ACT tang lao ya mo fa zhi fa luo.zip
ACT 踢克超人,ACT 踢克超人.zip,ACT ti ke chao ren.zip
ACT 天龙斩,ACT 天龙斩.zip,ACT tian long zhan.zip
ACT 铁臂阿童木,ACT 铁臂阿童木.zip,ACT tie bi a tong mu.zip
ACT 铁钩船长,ACT 铁钩船长.zip,ACT tie gou chuan zhang.zip
ACT 兔宝宝大冒险,ACT 兔宝宝大冒险.zip,ACT tu bao bao da mao xian.zip
ACT 玩具总动员,ACT 玩具总动员.zip,ACT wan ju zong dong yuan.zip
ACT 无敌铁金刚Z,ACT 无敌铁金刚Z.zip,ACT wu di tie jin gang Z.zip
ACT 无路可退,ACT 无路可退.zip,ACT wu lu ke tui.zip
ACT 辛普森霸子的幻想,ACT 辛普森霸子的幻想.zip,ACT xin pu sen ba zi de huan xiang.zip
ACT 新热血硬派国夫的挽歌,ACT 新热血硬派国夫的挽歌.zip,ACT xin re xue ying pai guo fu de wan ge.zip
ACT 修罗战士钢,ACT 修罗战士钢.zip,ACT xiu luo zhan shi gang.zip
ACT 岩球先生,ACT 岩球先生.zip,ACT yan qiu xian sheng.zip
ACT 异次元来访者,ACT 异次元来访者.zip,ACT yi ci yuan lai fang zhe.zip
ACT 异神战士,ACT 异神战士.zip,ACT yi shen zhan shi.zip
ACT 音速超人1,ACT 音速超人1.zip,ACT yin su chao ren 1.zip
ACT 音速超人2,ACT 音速超人2.zip,ACT yin su chao ren 2.zip
ACT 永远的蝙蝠侠,ACT 永远的蝙蝠侠.zip,ACT yong yuan de bian fu xia.zip
ACT 幽浮假面战士,ACT 幽浮假面战士.zip,ACT you fu jia mian zhan shi.zip
ACT 原始人大进击,ACT 原始人大进击.zip,ACT yuan shi ren da jin ji.zip
ACT 圆桌骑士,ACT 圆桌骑士.zip,ACT yuan zhuo qi shi.zip
ACT 战斗原始人1,ACT 战斗原始人1.zip,ACT zhan dou yuan shi ren 1.zip
ACT 战斗原始人2,ACT 战斗原始人2.zip,ACT zhan dou yuan shi ren 2.zip
ACT 战斗原始人3,ACT 战斗原始人3.zip,ACT zhan dou yuan shi ren 3.zip
ACT 战国传承,ACT 战国传承.zip,ACT zhan guo chuan cheng.zip
ACT 蜘蛛侠与X战警,ACT 蜘蛛侠与X战警.zip,ACT zhi zhu xia yu X zhan jing.zip
ACT 蜘蛛侠与毒液,ACT 蜘蛛侠与毒液.zip,ACT zhi zhu xia yu du ye.zip
ACT 蜘蛛侠,ACT 蜘蛛侠.zip,ACT zhi zhu xia.zip
ACT 猪小弟的万圣节冒险,ACT 猪小弟的万圣节冒险.zip,ACT zhu xiao di de wan sheng jie mao xian.zip
ACT 足球小子,ACT 足球小子.zip,ACT zu qiu xiao zi.zip
AVG 美少女梦工场,AVG 美少女梦工场.zip,AVG mei shao nv meng gong chang.zip
AVG 赛马大亨2,AVG 赛马大亨2.zip,AVG sai ma da heng 2.zip
AVG 赛马英雄,AVG 赛马英雄.zip,AVG sai ma ying xiong.zip
AVG 无人岛物语,AVG 无人岛物语.zip,AVG wu ren dao wu yu.zip
AVG 育马物语2,AVG 育马物语2.zip,AVG yu ma wu yu 2.zip
AVG 真一获千金,AVG 真一获千金.zip,AVG zhen yi huo qian jin.zip
FLY SD高达2,FLY SD高达2.zip,FLY SD gao da 2.zip
FLY 超级地球防卫军,FLY 超级地球防卫军.zip,FLY chao ji di qiu fang wei jun.zip
FLY 超级异形战机,FLY 超级异形战机.zip,FLY chao ji yi xing zhan ji.zip
FLY 超级战鹰,FLY 超级战鹰.zip,FLY chao ji zhan ying.zip
FLY 超时空要塞,FLY 超时空要塞.zip,FLY chao shi kong yao sai.zip
FLY 垂直作战,FLY 垂直作战.zip,FLY chui zhi zuo zhan.zip
FLY 大流士战机,FLY 大流士战机.zip,FLY da liu shi zhan ji.zip
FLY 飞行英雄,FLY 飞行英雄.zip,FLY fei xing ying xiong.zip
FLY 风云战机,FLY 风云战机.zip,FLY feng yun zhan ji.zip
FLY 极上沙罗曼蛇,FLY 极上沙罗曼蛇.zip,FLY ji shang sha luo man she.zip
FLY 究极合体战机,FLY 究极合体战机.zip,FLY jiu ji he ti zhan ji.zip
FLY 雷电传说,FLY 雷电传说.zip,FLY lei dian chuan shuo.zip
FLY 雷霆机器人,FLY 雷霆机器人.zip,FLY lei ting ji qi ren.zip
FLY 棉花小魔女,FLY 棉花小魔女.zip,FLY mian hua xiao mo nv.zip
FLY 沙漠风暴,FLY 沙漠风暴.zip,FLY sha mo feng bao.zip
FLY 闪电出击,FLY 闪电出击.zip,FLY shan dian chu ji.zip
FLY 生化金属战机,FLY 生化金属战机.zip,FLY sheng hua jin shu zhan ji.zip
FLY 四国战机,FLY 四国战机.zip,FLY si guo zhan ji.zip
FLY 太空争霸 美版,FLY 太空争霸 美版.zip,FLY tai kong zheng ba mei ban.zip
FLY 太空争霸 日版,FLY 太空争霸 日版.zip,FLY tai kong zheng ba ri ban.zip
FLY 外星大眼小蜜蜂强化,FLY 外星大眼小蜜蜂强化.zip,FLY wai xing da yan xiao mi feng qiang hua.zip
FLY 外星大眼小蜜蜂,FLY 外星大眼小蜜蜂.zip,FLY wai xing da yan xiao mi feng.zip
FLY 异形战机3,FLY 异形战机3.zip,FLY yi xing zhan ji 3.zip
FLY 银河风暴,FLY 银河风暴.zip,FLY yin he feng bao.zip
FLY 宇宙骑士,FLY 宇宙骑士.zip,FLY yu zhou qi shi.zip
FLY 宇宙巡航机3,FLY 宇宙巡航机3.zip,FLY yu zhou xun hang ji 3.zip
FLY 战区88,FLY 战区88.zip,FLY zhan qu 88.zip
FLY 重装战机,FLY 重装战机.zip,FLY zhong zhuang zhan ji.zip
FTG 超级街头霸王2,FTG 超级街头霸王2.zip,FTG chao ji jie tou ba wang 2.zip
FTG 超级重拳,FTG 超级重拳.zip,FTG chao ji zhong quan.zip
FTG 超兄贵 爆裂乱斗篇,FTG 超兄贵 爆裂乱斗篇.zip,FTG chao xiong gui bao lie luan dou pian.zip
FTG 大力水手,FTG 大力水手.zip,FTG da li shui shou.zip
FTG 斗姬传,FTG 斗姬传.zip,FTG dou ji chuan.zip
FTG 对决!!黄金决战,FTG 对决!!黄金决战.zip,FTG dui jue !! huang jin jue zhan.zip
FTG 饿狼传说特别版,FTG 饿狼传说特别版.zip,FTG e lang chuan shuo te bie ban.zip
FTG 格斗大亨,FTG 格斗大亨.zip,FTG ge dou da heng.zip
FTG 豪血寺一族,FTG 豪血寺一族.zip,FTG hao xue si yi zu.zip
FTG 花之庆次 云之彼方,FTG 花之庆次 云之彼方.zip,FTG hua zhi qing ci yun zhi bi fang.zip
FTG 街头霸王2加速版,FTG 街头霸王2加速版.zip,FTG jie tou ba wang 2 jia su ban.zip
FTG 街头霸王2,FTG 街头霸王2.zip,FTG jie tou ba wang 2.zip
FTG 街头霸王5,FTG 街头霸王5.zip,FTG jie tou ba wang 5.zip
FTG 究极战士简化,FTG 究极战士简化.zip,FTG jiu ji zhan shi jian hua.zip
FTG 究极战士,FTG 究极战士.zip,FTG jiu ji zhan shi.zip
FTG 空手女神龙,FTG 空手女神龙.zip,FTG kong shou nv shen long.zip
FTG 龙珠Z超武斗传1,FTG 龙珠Z超武斗传1.zip,FTG long zhu Z chao wu dou chuan 1.zip
FTG 龙珠Z超武斗传3,FTG 龙珠Z超武斗传3.zip,FTG long zhu Z chao wu dou chuan 3.zip
FTG 乱马 超技乱舞篇,FTG 乱马 超技乱舞篇.zip,FTG luan ma chao ji luan wu pian.zip
FTG 乱马 町内激斗篇,FTG 乱马 町内激斗篇.zip,FTG luan ma ting nei ji dou pian.zip
FTG 魔剑道2简化,FTG 魔剑道2简化.zip,FTG mo jian dao 2 jian hua.zip
FTG 魔剑道2,FTG 魔剑道2.zip,FTG mo jian dao 2.zip
FTG 双截龙格斗,FTG 双截龙格斗.zip,FTG shuang jie long ge dou.zip
FTG 松村邦洋传,FTG 松村邦洋传.zip,FTG song cun bang yang chuan.zip
FTG 新机动战记高达W,FTG 新机动战记高达W.zip,FTG xin ji dong zhan ji gao da W.zip
FTG 秀逗泰山,FTG 秀逗泰山.zip,FTG xiu dou tai shan.zip
FTG 押忍空手部简化,FTG 押忍空手部简化.zip,FTG ya ren kong shou bu jian hua.zip
FTG 押忍空手部,FTG 押忍空手部.zip,FTG ya ren kong shou bu.zip
FTG 幽游白书2,FTG 幽游白书2.zip,FTG you you bai shu 2.zip
FTG 幽游白书终篇简化,FTG 幽游白书终篇简化.zip,FTG you you bai shu zhong pian jian hua.zip
FTG 幽游白书终篇,FTG 幽游白书终篇.zip,FTG you you bai shu zhong pian.zip
FTG 正义联盟特遣部队,FTG 正义联盟特遣部队.zip,FTG zheng yi lian meng te qian bu dui.zip
FTG 制服传说,FTG 制服传说.zip,FTG zhi fu chuan shuo.zip
PUZ 360度滚球,PUZ 360度滚球.zip,PUZ 360 du gun qiu.zip
PUZ SD弹珠台,PUZ SD弹珠台.zip,PUZ SD dan zhu tai.zip
PUZ 超级PANG,PUZ 超级PANG.zip,PUZ chao ji PANG.zip
PUZ 超级豆豆君,PUZ 超级豆豆君.zip,PUZ chao ji dou dou jun.zip
PUZ 超级麻将大会,PUZ 超级麻将大会.zip,PUZ chao ji ma jiang da hui.zip
PUZ 超级铁球大战,PUZ 超级铁球大战.zip,PUZ chao ji tie qiu da zhan.zip
PUZ 超级炸弹人2,PUZ 超级炸弹人2.zip,PUZ chao ji zha dan ren 2.zip
PUZ 超级炸弹人3,PUZ 超级炸弹人3.zip,PUZ chao ji zha dan ren 3.zip
PUZ 超写实麻雀,PUZ 超写实麻雀.zip,PUZ chao xie shi ma que.zip
PUZ 达摩道场,PUZ 达摩道场.zip,PUZ da mo dao chang.zip
PUZ 赌城大攻略,PUZ 赌城大攻略.zip,PUZ du cheng da gong lve.zip
PUZ 海腹川背,PUZ 海腹川背.zip,PUZ hai fu chuan bei.zip
PUZ 轰炸汽车,PUZ 轰炸汽车.zip,PUZ hong zha qi che.zip
PUZ 轰炸忍者超人,PUZ 轰炸忍者超人.zip,PUZ hong zha ren zhe chao ren.zip
PUZ 卡通天蚕变,PUZ 卡通天蚕变.zip,PUZ ka tong tian can bian.zip
PUZ 立体跳方块3,PUZ 立体跳方块3.zip,PUZ li ti tiao fang kuai 3.zip
PUZ 旅鼠总动员2,PUZ 旅鼠总动员2.zip,PUZ lv shu zong dong yuan 2.zip
PUZ 泡泡龙,PUZ 泡泡龙.zip,PUZ pao pao long.zip
PUZ 上海3,PUZ 上海3.zip,PUZ shang hai 3.zip
PUZ 邪鬼破坏弹珠台,PUZ 邪鬼破坏弹珠台.zip,PUZ xie gui po huai dan zhu tai.zip
PUZ 炸弹动物大会,PUZ 炸弹动物大会.zip,PUZ zha dan dong wu da hui.zip
RAC 94中岛悟赛车,RAC 94中岛悟赛车.zip,RAC 94 zhong dao wu sai che.zip
RAC 超次元地带,RAC 超次元地带.zip,RAC chao ci yuan di dai.zip
RAC 超级疯狂机车赛,RAC 超级疯狂机车赛.zip,RAC chao ji feng kuang ji che sai.zip
RAC 超级追踪HQ,RAC 超级追踪HQ.zip,RAC chao ji zhui zong HQ.zip
RAC 超越巅峰1,RAC 超越巅峰1.zip,RAC chao yue dian feng 1.zip
RAC 超越巅峰2,RAC 超越巅峰2.zip,RAC chao yue dian feng 2.zip
RAC 车神大赛,RAC 车神大赛.zip,RAC che shen da sai.zip
RAC 高智能方程式,RAC 高智能方程式.zip,RAC gao zhi neng fang cheng shi.zip
RAC 竞速天龙,RAC 竞速天龙.zip,RAC jing su tian long.zip
RAC 零式赛车,RAC 零式赛车.zip,RAC ling shi sai che.zip
RAC 全日本GT赛车,RAC 全日本GT赛车.zip,RAC quan ri ben GT sai che.zip
RAC 摇滚赛车,RAC 摇滚赛车.zip,RAC yao gun sai che.zip
RAC 野外大赛车,RAC 野外大赛车.zip,RAC ye wai da sai che.zip
RPG 46亿年物语,RPG 46亿年物语.zip,RPG 46 yi nian wu yu.zip
RPG 阿蕾莎1,RPG 阿蕾莎1.zip,RPG a lei sha 1.zip
RPG 阿蕾莎2,RPG 阿蕾莎2.zip,RPG a lei sha 2.zip
RPG 阿蕾莎外传,RPG 阿蕾莎外传.zip,RPG a lei sha wai zhuan.zip
RPG 白痴殿下总动员,RPG 白痴殿下总动员.zip,RPG bai chi dian xia zong dong yuan.zip
RPG 弁庆外传 沙之章,RPG 弁庆外传 沙之章.zip,RPG bian qing wai zhuan sha zhi zhang.zip
RPG 超级伊忍道,RPG 超级伊忍道.zip,RPG chao ji yi ren dao.zip
RPG 超级中国人世界1,RPG 超级中国人世界1.zip,RPG chao ji zhong guo ren shi jie 1.zip
RPG 超级中国人世界2,RPG 超级中国人世界2.zip,RPG chao ji zhong guo ren shi jie 2.zip
RPG 超级中国人世界3,RPG 超级中国人世界3.zip,RPG chao ji zhong guo ren shi jie 3.zip
RPG 超魔法大陆,RPG 超魔法大陆.zip,RPG chao mo fa da lu.zip
RPG 超魔界大战,RPG 超魔界大战.zip,RPG chao mo jie da zhan.zip
RPG 创世封魔录,RPG 创世封魔录.zip,RPG chuang shi feng mo lu.zip
RPG 创世纪恐龙帝国,RPG 创世纪恐龙帝国.zip,RPG chuang shi ji kong long di guo.zip
RPG 创世纪神秘的美德,RPG 创世纪神秘的美德.zip,RPG chuang shi ji shen mi de mei de.zip
RPG 大贝兽物语,RPG 大贝兽物语.zip,RPG da bei shou wu yu.zip
RPG 大航海时代2,RPG 大航海时代2.zip,RPG da hang hai shi dai 2.zip
RPG 大和战神火皇子,RPG 大和战神火皇子.zip,RPG da he zhan shen huo huang zi.zip
RPG 地底魔神,RPG 地底魔神.zip,RPG di di mo shen.zip
RPG 钓鱼太郎1,RPG 钓鱼太郎1.zip,RPG diao yu tai lang 1.zip
RPG 钓鱼太郎2,RPG 钓鱼太郎2.zip,RPG diao yu tai lang 2.zip
RPG 斗人魔境4,RPG 斗人魔境4.zip,RPG dou ren mo jing 4.zip
RPG 翡翠龙,RPG 翡翠龙.zip,RPG fei cui long.zip
RPG 盖亚幻想纪,RPG 盖亚幻想纪.zip,RPG gai ya huan xiang ji.zip
RPG 歌舞伎洛克斯,RPG 歌舞伎洛克斯.zip,RPG ge wu ji luo ke si.zip
RPG 怪兽制造厂3,RPG 怪兽制造厂3.zip,RPG guai shou zhi zao chang 3.zip
RPG 鬼神降临传,RPG 鬼神降临传.zip,RPG gui shen jiang lin chuan.zip
RPG 黑暗领域,RPG 黑暗领域.zip,RPG hei an ling yu.zip
RPG 幻史世界记,RPG 幻史世界记.zip,RPG huan shi shi jie ji.zip
RPG 幻想传说,RPG 幻想传说.zip,RPG huan xiang chuan shuo.zip
RPG 毁灭武器,RPG 毁灭武器.zip,RPG hui mie wu qi.zip
RPG 甲龙传说,RPG 甲龙传说.zip,RPG jia long chuan shuo.zip
RPG 剑王之王2,RPG 剑王之王2.zip,RPG jian wang zhi wang 2.zip
RPG 剑勇传说,RPG 剑勇传说.zip,RPG jian yong chuan shuo.zip
RPG 晶沙之城堡探险,RPG 晶沙之城堡探险.zip,RPG jing sha zhi cheng bao tan xian.zip
RPG 旧约女神转生速升,RPG 旧约女神转生速升.zip,RPG jiu yue nv shen zhuan sheng su sheng.zip
RPG 旧约女神转生,RPG 旧约女神转生.zip,RPG jiu yue nv shen zhuan sheng.zip
RPG 科学冒险岛,RPG 科学冒险岛.zip,RPG ke xue mao xian dao.zip
RPG 浪漫沙加1,RPG 浪漫沙加1.zip,RPG lang man sha jia 1.zip
RPG 浪漫沙加2能力,RPG 浪漫沙加2能力.zip,RPG lang man sha jia 2 neng li.zip
RPG 浪漫沙加2武器,RPG 浪漫沙加2武器.zip,RPG lang man sha jia 2 wu qi.zip
RPG 浪漫沙加3强化,RPG 浪漫沙加3强化.zip,RPG lang man sha jia 3 qiang hua.zip
RPG 浪漫沙加3,RPG 浪漫沙加3.zip,RPG lang man sha jia 3.zip
RPG 雷莎出击1,RPG 雷莎出击1.zip,RPG lei sha chu ji 1.zip
RPG 雷莎出击2,RPG 雷莎出击2.zip,RPG lei sha chu ji 2.zip
RPG 炼金术士,RPG 炼金术士.zip,RPG lian jin shu shi.zip
RPG 灵魂与剑,RPG 灵魂与剑.zip,RPG ling hun yu jian.zip
RPG 龙战士1,RPG 龙战士1.zip,RPG long zhan shi 1.zip
RPG 龙战士2,RPG 龙战士2.zip,RPG long zhan shi 2.zip
RPG 龙珠Z超悟空传觉醒篇,RPG 龙珠Z超悟空传觉醒篇.zip,RPG long zhu Z chao wu kong chuan jue xing pian.zip
RPG 龙珠Z超悟空传突激篇,RPG 龙珠Z超悟空传突激篇.zip,RPG long zhu Z chao wu kong chuan tu ji pian.zip
RPG 鲁多拉秘宝,RPG 鲁多拉秘宝.zip,RPG lu duo la mi bao.zip
RPG 乱马 朱猫团的财宝,RPG 乱马 朱猫团的财宝.zip,RPG luan ma zhu mao tuan de cai bao.zip
RPG 美少女剑士梅尔,RPG 美少女剑士梅尔.zip,RPG mei shao nv jian shi mei er.zip
RPG 美少女亲卫队,RPG 美少女亲卫队.zip,RPG mei shao nv qin wei dui.zip
RPG 美少女战士外传,RPG 美少女战士外传.zip,RPG mei shao nv zhan shi wai zhuan.zip
RPG 魔法骑士雷阿斯,RPG 魔法骑士雷阿斯.zip,RPG mo fa qi shi lei a si.zip
RPG 魔法与剑,RPG 魔法与剑.zip,RPG mo fa yu jian.zip
RPG 魔界佣兵2,RPG 魔界佣兵2.zip,RPG mo jie yong bing 2.zip
RPG 魔天传说,RPG 魔天传说.zip,RPG mo tian chuan shuo.zip
RPG 热血大陆,RPG 热血大陆.zip,RPG re xue da lu.zip
RPG 如梦似幻,RPG 如梦似幻.zip,RPG ru meng shi huan.zip
RPG 三星幻界,RPG 三星幻界.zip,RPG san xing huan jie.zip
RPG 沙克传说,RPG 沙克传说.zip,RPG sha ke chuan shuo.zip
RPG 神秘的约柜,RPG 神秘的约柜.zip,RPG shen mi de yue gui.zip
RPG 神圣纪2,RPG 神圣纪2.zip,RPG shen sheng ji 2.zip
RPG 圣剑传说2,RPG 圣剑传说2.zip,RPG sheng jian chuan shuo 2.zip
RPG 圣灵珠传说2,RPG 圣灵珠传说2.zip,RPG sheng ling zhu chuan shuo 2.zip
RPG 史记英雄传,RPG 史记英雄传.zip,RPG shi ji ying xiong chuan.zip
RPG 四狂神传说1,RPG 四狂神传说1.zip,RPG si kuang shen chuan shuo 1.zip
RPG 四狂神传说2,RPG 四狂神传说2.zip,RPG si kuang shen chuan shuo 2.zip
RPG 特鲁尼克大冒险,RPG 特鲁尼克大冒险.zip,RPG te lu ni ke da mao xian.zip
RPG 天使之诗,RPG 天使之诗.zip,RPG tian shi zhi shi.zip
RPG 魍魉战记2,RPG 魍魉战记2.zip,RPG wang liang zhan ji 2.zip
RPG 亚克斯传说,RPG 亚克斯传说.zip,RPG ya ke si chuan shuo.zip
RPG 亚瑟王 骑士传说,RPG 亚瑟王 骑士传说.zip,RPG ya se wang qi shi chuan shuo.zip
RPG 伊苏3,RPG 伊苏3.zip,RPG yi su 3.zip
RPG 伊苏4,RPG 伊苏4.zip,RPG yi su 4.zip
RPG 伊苏5,RPG 伊苏5.zip,RPG yi su 5.zip
RPG 英雄传说2,RPG 英雄传说2.zip,RPG ying xiong chuan shuo 2.zip
RPG 永恒的秘密,RPG 永恒的秘密.zip,RPG yong heng de mi mi.zip
RPG 永远的法莲娜,RPG 永远的法莲娜.zip,RPG yong yuan de fa lian na.zip
RPG 勇者斗恶龙5,RPG 勇者斗恶龙5.zip,RPG yong zhe dou e long 5.zip
RPG 勇者斗恶龙6,RPG 勇者斗恶龙6.zip,RPG yong zhe dou e long 6.zip
RPG 勇者机器人,RPG 勇者机器人.zip,RPG yong zhe ji qi ren.zip
RPG 育龙战记2,RPG 育龙战记2.zip,RPG yu long zhan ji 2.zip
RPG 真女神转生2,RPG 真女神转生2.zip,RPG zhen nv shen zhuan sheng 2.zip
RPG 真女神转生IF,RPG 真女神转生IF.zip,RPG zhen nv shen zhuan sheng IF.zip
RPG 直到世界末日,RPG 直到世界末日.zip,RPG zhi dao shi jie mo ri.zip
RPG中文 超时空之轮,RPG中文 超时空之轮.zip,RPG zhong wen chao shi kong zhi lun.zip
RPG中文 风来之西林 不可思议的迷宫2,RPG中文 风来之西林 不可思议的迷宫2.zip,RPG zhong wen feng lai zhi xi lin bu ke si yi de mi gong 2.zip
RPG中文 牧场物语,RPG中文 牧场物语.zip,RPG zhong wen mu chang wu yu.zip
RPG中文 塞尔达传说,RPG中文 塞尔达传说.zip,RPG zhong wen sai er da chuan shuo.zip
RPG中文 圣剑传说3,RPG中文 圣剑传说3.zip,RPG zhong wen sheng jian chuan shuo 3.zip
RPG中文 时空勇士,RPG中文 时空勇士.zip,RPG zhong wen shi kong yong shi.zip
RPG中文 天地创造,RPG中文 天地创造.zip,RPG zhong wen tian di chuang zao.zip
RPG中文 勇者斗恶龙1+2,RPG中文 勇者斗恶龙1+2.zip,RPG zhong wen yong zhe dou e long 1+2.zip
RPG中文 重装机兵2,RPG中文 重装机兵2.zip,RPG zhong wen zhong zhuang ji bing 2.zip
RPG中文 重装机兵R商店修改,RPG中文 重装机兵R商店修改.zip,RPG zhong wen zhong zhuang ji bing R shang dian xiu gai.zip
RPG中文 重装机兵R最强之魂,RPG中文 重装机兵R最强之魂.zip,RPG zhong wen zhong zhuang ji bing R zui qiang zhi hun.zip
RPG中文 重装机兵R,RPG中文 重装机兵R.zip,RPG zhong wen zhong zhuang ji bing R.zip
RPG中文 重装机兵R0.96红狼纪念版,RPG中文 重装机兵R0.96红狼纪念版.zip,RPG zhong wen zhong zhuang ji bing R0.96 hong lang ji nian ban.zip
RPG中文 最终幻想6,RPG中文 最终幻想6.zip,RPG zhong wen zui zhong huan xiang 6.zip
RPG 资讯骑士2,RPG 资讯骑士2.zip,RPG zi xun qi shi 2.zip
RPG 最后的圣经3,RPG 最后的圣经3.zip,RPG zui hou de sheng jing 3.zip
RPG 最后决战,RPG 最后决战.zip,RPG zui hou jue zhan.zip
RPG 最终幻想4,RPG 最终幻想4.zip,RPG zui zhong huan xiang 4.zip
RPG 最终幻想5,RPG 最终幻想5.zip,RPG zui zhong huan xiang 5.zip
SLG 苍狼与白鹿 元朝秘史,SLG 苍狼与白鹿 元朝秘史.zip,SLG cang lang yu bai lu yuan chao mi shi.zip
SLG 超级机器人大战EX,SLG 超级机器人大战EX.zip,SLG chao ji ji qi ren da zhan EX.zip
SLG 超魔兽大战,SLG 超魔兽大战.zip,SLG chao mo shou da zhan.zip
SLG 绀碧之舰队,SLG 绀碧之舰队.zip,SLG gan bi zhi jian dui.zip
SLG 钢铁骑士1,SLG 钢铁骑士1.zip,SLG gang tie qi shi 1.zip
SLG 钢铁骑士2,SLG 钢铁骑士2.zip,SLG gang tie qi shi 2.zip
SLG 航海世界,SLG 航海世界.zip,SLG hang hai shi jie.zip
SLG 横山光辉三国志,SLG 横山光辉三国志.zip,SLG heng shan guang hui san guo zhi.zip
SLG 皇家骑士团1,SLG 皇家骑士团1.zip,SLG huang jia qi shi tuan 1.zip
SLG 皇家骑士团2,SLG 皇家骑士团2.zip,SLG huang jia qi shi tuan 2.zip
SLG 火线冲突,SLG 火线冲突.zip,SLG huo xian chong tu.zip
SLG 火焰之纹章4 完美成长全特技,SLG 火焰之纹章4 完美成长全特技.zip,SLG huo yan zhi wen zhang 4 wan mei cheng zhang quan te ji.zip
SLG 机动战士高达0079,SLG 机动战士高达0079.zip,SLG ji dong zhan shi gao da 0079.zip
SLG 机动战士高达F91,SLG 机动战士高达F91.zip,SLG ji dong zhan shi gao da F91.zip
SLG 剑士法兰多2,SLG 剑士法兰多2.zip,SLG jian shi fa lan duo 2.zip
SLG 金属战队,SLG 金属战队.zip,SLG jin shu zhan dui.zip
SLG 梦幻模拟战Der,SLG 梦幻模拟战Der.zip,SLG meng huan mo ni zhan Der.zip
SLG 秘密行动,SLG 秘密行动.zip,SLG mi mi xing dong.zip
SLG 魔神转生1,SLG 魔神转生1.zip,SLG mo shen zhuan sheng 1.zip
SLG 魔神转生2,SLG 魔神转生2.zip,SLG mo shen zhuan sheng 2.zip
SLG 魔兽大战,SLG 魔兽大战.zip,SLG mo shou da zhan.zip
SLG 魔装机神,SLG 魔装机神.zip,SLG mo zhuang ji shen.zip
SLG 女子学园社团战记,SLG 女子学园社团战记.zip,SLG nv zi xue yuan she tuan zhan ji.zip
SLG 前线任务,SLG 前线任务.zip,SLG qian xian ren wu.zip
SLG 三国志4,SLG 三国志4.zip,SLG san guo zhi 4.zip
SLG 三国志英杰传,SLG 三国志英杰传.zip,SLG san guo zhi ying jie chuan.zip
SLG 赏金剑客,SLG 赏金剑客.zip,SLG shang jin jian ke.zip
SLG 树帝战记,SLG 树帝战记.zip,SLG shu di zhan ji.zip
SLG 太阁立志传,SLG 太阁立志传.zip,SLG tai ge li zhi chuan.zip
SLG 提督的决断2,SLG 提督的决断2.zip,SLG ti du de jue duan 2.zip
SLG 天地无用,SLG 天地无用.zip,SLG tian di wu yong.zip
SLG 天使之翼3,SLG 天使之翼3.zip,SLG tian shi zhi yi 3.zip
SLG 天使之翼4,SLG 天使之翼4.zip,SLG tian shi zhi yi 4.zip
SLG 天使之翼5,SLG 天使之翼5.zip,SLG tian shi zhi yi 5.zip
SLG 条码战记战士出击,SLG 条码战记战士出击.zip,SLG tiao ma zhan ji zhan shi chu ji.zip
SLG 新SD战国传大将军列传,SLG 新SD战国传大将军列传.zip,SLG xin SD zhan guo chuan da jiang jun lie zhuan.zip
SLG 银河骑兵机器人,SLG 银河骑兵机器人.zip,SLG yin he qi bing ji qi ren.zip
SLG 英雄圣战1,SLG 英雄圣战1.zip,SLG ying xiong sheng zhan 1.zip
SLG 英雄圣战2,SLG 英雄圣战2.zip,SLG ying xiong sheng zhan 2.zip
SLG 战斗机器人烈传,SLG 战斗机器人烈传.zip,SLG zhan dou ji qi ren lie chuan.zip
SLG 正义的纹章,SLG 正义的纹章.zip,SLG zheng yi de wen zhang.zip
SLG 织田信长,SLG 织田信长.zip,SLG zhi tian xin zhang.zip
SLG中文 第3次超级机器人大战,SLG中文 第3次超级机器人大战.zip,SLG zhong wen di 3 ci chao ji ji qi ren da zhan.zip
SLG中文 第4次超级机器人大战,SLG中文 第4次超级机器人大战.zip,SLG zhong wen di 4 ci chao ji ji qi ren da zhan.zip
SLG中文 火焰之纹章3 纹章之谜,SLG中文 火焰之纹章3 纹章之谜.zip,SLG zhong wen huo yan zhi wen zhang 3 wen zhang zhi mi.zip
SLG中文 火焰之纹章4 圣战之系谱,SLG中文 火焰之纹章4 圣战之系谱.zip,SLG zhong wen huo yan zhi wen zhang 4 sheng zhan zhi xi pu.zip
SLG中文 火焰之纹章5 多拉基亚776,SLG中文 火焰之纹章5 多拉基亚776.zip,SLG zhong wen huo yan zhi wen zhang 5 duo la ji ya 776.zip
SLG中文 火焰之纹章5 强化,SLG中文 火焰之纹章5 强化.zip,SLG zhong wen huo yan zhi wen zhang 5 qiang hua.zip
SLG中文 剑士法兰多1,SLG中文 剑士法兰多1.zip,SLG zhong wen jian shi fa lan duo 1.zip
SLG中文 三国志3,SLG中文 三国志3.zip,SLG zhong wen san guo zhi 3.zip
SPG 超级职业棒球2,SPG 超级职业棒球2.zip,SPG chao ji zhi ye bang qiu 2.zip
SPG 灌篮高手2,SPG 灌篮高手2.zip,SPG guan lan gao shou 2.zip
SPG 劲爆NBA篮球,SPG 劲爆NBA篮球.zip,SPG jin bao NBA lan qiu.zip
SPG 实况足球2,SPG 实况足球2.zip,SPG shi kuang zu qiu 2.zip
SPG 兔八哥篮球,SPG 兔八哥篮球.zip,SPG tu ba ge lan qiu.zip
STG SD高达1,STG SD高达1.zip,STG SD gao da 1.zip
STG SD英雄大战1,STG SD英雄大战1.zip,STG SD ying xiong da zhan 1.zip
STG SD英雄大战4,STG SD英雄大战4.zip,STG SD ying xiong da zhan 4.zip
STG SD英雄大战5,STG SD英雄大战5.zip,STG SD ying xiong da zhan 5.zip
STG X革命,STG X革命.zip,STG X ge ming.zip
STG 超级联合部队,STG 超级联合部队.zip,STG chao ji lian he bu dui.zip
STG 超级忍者君,STG 超级忍者君.zip,STG chao ji ren zhe jun.zip
STG 超级瓦强大冒险,STG 超级瓦强大冒险.zip,STG chao ji wa qiang da mao xian.zip
STG 超级银河战士,STG 超级银河战士.zip,STG chao ji yin he zhan shi.zip
STG 超级战士1,STG 超级战士1.zip,STG chao ji zhan shi 1.zip
STG 超级战士2,STG 超级战士2.zip,STG chao ji zhan shi 2.zip
STG 超魔界村女版,STG 超魔界村女版.zip,STG chao mo jie cun nv ban.zip
STG 超魔界村,STG 超魔界村.zip,STG chao mo jie cun.zip
STG 达菲鸭火星任务,STG 达菲鸭火星任务.zip,STG da fei ya huo xing ren wu.zip
STG 哆啦A梦3,STG 哆啦A梦3.zip,STG duo la A meng 3.zip
STG 钢炮部队,STG 钢炮部队.zip,STG gang pao bu dui.zip
STG 鬼太郎 复活!天魔大王,STG 鬼太郎 复活!天魔大王.zip,STG gui tai lang fu huo ! tian mo dai wang.zip
STG 鬼屋历险,STG 鬼屋历险.zip,STG gui wu li xian.zip
STG 黄金龙战记,STG 黄金龙战记.zip,STG huang jin long zhan ji.zip
STG 荒野双枪,STG 荒野双枪.zip,STG huang ye shuang qiang.zip
STG 魂斗罗3欧版,STG 魂斗罗3欧版.zip,STG hun dou luo 3 ou ban.zip
STG 魂斗罗3日版,STG 魂斗罗3日版.zip,STG hun dou luo 3 ri ban.zip
STG 吉姆大展神威,STG 吉姆大展神威.zip,STG ji mu da zhan shen wei.zip
STG 机械战警3,STG 机械战警3.zip,STG ji xie zhan jing 3.zip
STG 机械战警对终结者,STG 机械战警对终结者.zip,STG ji xie zhan jing dui zhong jie zhe.zip
STG 精英军团,STG 精英军团.zip,STG jing ying jun tuan.zip
STG 绝地大屠杀2,STG 绝地大屠杀2.zip,STG jue di da tu sha 2.zip
STG 猎杀红色十月号,STG 猎杀红色十月号.zip,STG lie sha hong se shi yue hao.zip
STG 零式特攻队,STG 零式特攻队.zip,STG ling shi te gong dui.zip
STG 领域,STG 领域.zip,STG ling yu.zip
STG 洛克人7,STG 洛克人7.zip,STG luo ke ren 7.zip
STG 洛克人X1疯狂版,STG 洛克人X1疯狂版.zip,STG luo ke ren X1 feng kuang ban.zip
STG 洛克人X2疯狂版,STG 洛克人X2疯狂版.zip,STG luo ke ren X2 feng kuang ban.zip
STG 洛克人X3疯狂版,STG 洛克人X3疯狂版.zip,STG luo ke ren X3 feng kuang ban.zip
STG 洛克人与福尔特疯狂版,STG 洛克人与福尔特疯狂版.zip,STG luo ke ren yu fu er te feng kuang ban.zip
STG 落日骑士,STG 落日骑士.zip,STG luo ri qi shi.zip
STG 绿野仙踪,STG 绿野仙踪.zip,STG lv ye xian zong.zip
STG 灭火英雄,STG 灭火英雄.zip,STG mie huo ying xiong.zip
STG 魔法师,STG 魔法师.zip,STG mo fa shi.zip
STG 魔法提琴手,STG 魔法提琴手.zip,STG mo fa ti qin shou.zip
STG 魔界村外传 纹章篇,STG 魔界村外传 纹章篇.zip,STG mo jie cun wai zhuan wen zhang pian.zip
STG 魔兽王,STG 魔兽王.zip,STG mo shou wang.zip
STG 奇奇怪界1,STG 奇奇怪界1.zip,STG qi qi guai jie 1.zip
STG 奇奇怪界2,STG 奇奇怪界2.zip,STG qi qi guai jie 2.zip
STG 神奇女孩,STG 神奇女孩.zip,STG shen qi nv hai.zip
STG 死亡游戏之电视斗士,STG 死亡游戏之电视斗士.zip,STG si wang you xi zhi dian shi dou shi.zip
STG 万能麦斯,STG 万能麦斯.zip,STG wan neng mai si.zip
STG 未来骑警R2,STG 未来骑警R2.zip,STG wei lai qi jing R2.zip
STG 未来水世界,STG 未来水世界.zip,STG wei lai shui shi jie.zip
STG 星际之门,STG 星际之门.zip,STG xing ji zhi men.zip
STG 亚蒙世界,STG 亚蒙世界.zip,STG ya meng shi jie.zip
STG 伊莉雅,STG 伊莉雅.zip,STG yi li ya.zip
STG 异形3,STG 异形3.zip,STG yi xing 3.zip
STG 真实的谎言,STG 真实的谎言.zip,STG zhen shi de huang yan.zip
STG 致命武器,STG 致命武器.zip,STG zhi ming wu qi.zip
STG 终结者2,STG 终结者2.zip,STG zhong jie zhe 2.zip
STG 重装机兵瓦尔肯,STG 重装机兵瓦尔肯.zip,STG zhong zhuang ji bing wa er ken.zip
STG 紫炎,STG 紫炎.zip,STG zi yan.zip
