3D像素赛车,3D像素赛车.wad,3D xiang su sai che.wad
彩虹岛,彩虹岛.wad,cai hong dao.wad
超惑星战记 过载,超惑星战记 过载.wad,chao huo xing zhan ji guo zai.wad
打砖块 豪华版,打砖块 豪华版.wad,da zhuan kuai hao hua ban.wad
德古拉 亡者苏醒,德古拉 亡者苏醒.wad,de gu la wang zhe su xing.wad
洞窟物语,洞窟物语.wad,dong ku wu yu.wad
恶魔城 重生,恶魔城 重生.wad,e mo cheng zhong sheng.wad
飞盘高尔夫,飞盘高尔夫.wad,fei pan gao er fu.wad
悍将 战术版,悍将 战术版.wad,han jiang zhan shu ban.wad
滑雪暴徒,滑雪暴徒.wad,hua xue bao tu.wad
魂斗罗 重生,魂斗罗 重生.wad,hun dou luo zhong sheng.wad
肌肉进行曲,肌肉进行曲.wad,ji rou jin xing qu.wad
极速赛车联盟,极速赛车联盟.wad,ji su sai che lian meng.wad
僵尸梦游仙境,僵尸梦游仙境.wad,jiang shi meng you xian jing.wad
街球世界,街球世界.wad,jie qiu shi jie.wad
杰特火箭,杰特火箭.wad,jie te huo jian.wad
角斗士之怒,角斗士之怒.wad,jue dou shi zhi nu.wad
空间球,空间球.wad,kong jian qiu.wad
口袋妖怪大乱斗,口袋妖怪大乱斗.wad,kou dai yao guai da luan dou.wad
洛克人10,洛克人10.wad,luo ke ren 10.wad
洛克人9,洛克人9.wad,luo ke ren 9.wad
罗市飞车DX,罗市飞车DX.wad,luo shi fei che DX.wad
马里奥医生Online Rx,马里奥医生Online Rx.wad,ma li ao yi sheng Online Rx.wad
麦克斯与他的神奇画笔,麦克斯与他的神奇画笔.wad,mai ke si yu ta de shen qi hua bi.wad
冒险岛 起点,冒险岛 起点.wad,mao xian dao qi dian.wad
猛攻,猛攻.wad,meng gong.wad
蜜蜂竞速,蜜蜂竞速.wad,mi feng jing su.wad
迷失之风,迷失之风.wad,mi shi zhi feng.wad
牧场物语 我的小店,牧场物语 我的小店.wad,mu chang wu yu wo de xiao dian.wad
穆拉纳秘宝,穆拉纳秘宝.wad,mu la na mi bao.wad
你与我与立体方块,你与我与立体方块.wad,ni yu wo yu li ti fang kuai.wad
泡泡龙加强版,泡泡龙加强版.wad,pao pao long jia qiang ban.wad
泡泡龙射波 加强版,泡泡龙射波 加强版.wad,pao pao long she bo jia qiang ban.wad
平衡的艺术,平衡的艺术.wad,ping heng de yi shu.wad
奇异跑酷,奇异跑酷.wad,qi yi pao ku.wad
嵌入图形Wii 回归,嵌入图形Wii 回归.wad,qian ru tu xing Wii hui gui.wad
抢滩登陆,抢滩登陆.wad,qiang tan deng lu.wad
青蛙过河 超级街机版,青蛙过河 超级街机版.wad,qing wa guo he chao ji jie ji ban.wad
青蛙过河 归来,青蛙过河 归来.wad,qing wa guo he gui lai.wad
拳无虚发,拳无虚发.wad,quan wu xu fa.wad
让我们接球吧,让我们接球吧.wad,rang wo men jie qiu ba.wad
赎罪者方舟,赎罪者方舟.wad,shu zui zhe fang zhou.wad
索尼克4 第一章,索尼克4 第一章.wad,suo ni ke 4 di yi zhang.wad
瓦里奥制造 DIY,瓦里奥制造 DIY.wad,wa li ao zhi zao DIY.wad
午夜台球,午夜台球.wad,wu ye tai qiu.wad
西部快枪手,西部快枪手.wad,xi bu kuai qiang shou.wad
吸血鬼水晶,吸血鬼水晶.wad,xi xue gui shui jing.wad
小鸡快跑,小鸡快跑.wad,xiao ji kuai pao.wad
新太空侵略者,新太空侵略者.wad,xin tai kong qin lve zhe.wad
星际战士R,星际战士R.wad,xing ji zhan shi R.wad
星际自旋机,星际自旋机.wad,xing ji zi xuan ji.wad
幽灵杀手,幽灵杀手.wad,you ling sha shou.wad
有趣的迷你高尔夫,有趣的迷你高尔夫.wad,you qu de mi ni gao er fu.wad
宇宙巡航机 重生,宇宙巡航机 重生.wad,yu zhou xun hang ji zhong sheng.wad
越野摩托 世界拉力,越野摩托 世界拉力.wad,yue ye mo tuo shi jie la li.wad
炸弹人,炸弹人.wad,zha dan ren.wad
珍道中 波尔的大冒险,珍道中 波尔的大冒险.wad,zhen dao zhong bo er de da mao xian.wad
珍珠港 第一集,珍珠港 第一集.wad,zhen zhu gang di yi ji.wad
钻子先生W,钻子先生W.wad,zuan zi xian sheng W.wad
最终幻想 水晶防线R2,最终幻想 水晶防线R2.wad,zui zhong huan xiang shui jing fang xian R2.wad
